;Auto;Geschlecht;frequenz;dauer
1;BMW;Mann;5;2
2;BMW;Mann;1;4
3;BMW;Mann;3;1
4;BMW;Mann;1;7
5;BMW;Mann;0;0
6;BMW;Mann;1;9
7;BMW;Mann;4;3
8;BMW;Mann;3;3
9;BMW;Mann;2;10
10;BMW;Mann;2;6
11;BMW;Mann;1;10
12;BMW;Mann;5;3
13;BMW;Mann;4;3
14;BMW;Mann;1;10
15;BMW;Mann;3;4
16;BMW;Mann;2;7
17;BMW;Mann;0;0
18;BMW;Mann;1;7
19;BMW;Mann;3;5
20;BMW;Mann;2;6
21;BMW;Mann;2;5
22;BMW;Mann;1;6
23;BMW;Mann;3;2
24;BMW;Mann;5;2
25;BMW;Mann;1;7
26;BMW;Mann;0;0
27;BMW;Mann;2;9
28;BMW;Mann;4;2
29;BMW;Mann;3;3
30;BMW;Mann;2;10
31;BMW;Mann;2;6
32;BMW;Mann;2;10
33;BMW;Mann;4;3
34;BMW;Mann;4;2
35;BMW;Mann;1;10
36;BMW;Mann;3;2
37;BMW;Mann;2;1
38;BMW;Mann;1;5
39;BMW;Mann;1;4
40;BMW;Mann;1;4
41;BMW;Mann;3;2
42;BMW;Frau;0;0
43;BMW;Frau;2;6
44;BMW;Frau;2;8
45;BMW;Frau;2;5
46;BMW;Frau;0;0
47;BMW;Frau;0;0
48;BMW;Frau;3;4
49;BMW;Frau;3;10
50;BMW;Frau;0;0
51;BMW;Frau;2;4
52;BMW;Frau;2;3
53;BMW;Frau;0;0
54;BMW;Frau;2;6
55;BMW;Frau;2;8
56;BMW;Frau;2;7
57;BMW;Frau;0;0
58;BMW;Frau;0;0
59;BMW;Frau;3;5
60;BMW;Frau;3;5
61;BMW;Frau;0;0
62;BMW;Frau;2;12
63;BMW;Frau;2;4
64;Ford;Mann;2;4
65;Ford;Mann;0;0
66;Ford;Mann;3;2
67;Ford;Mann;0;0
68;Ford;Mann;3;3
69;Ford;Mann;1;8
70;Ford;Mann;4;7
71;Ford;Mann;1;8
72;Ford;Mann;3;6
73;Ford;Mann;3;3
74;Ford;Mann;1;10
75;Ford;Mann;0;0
76;Ford;Mann;2;5
77;Ford;Mann;4;3
78;Ford;Mann;4;3
79;Ford;Mann;3;7
80;Ford;Mann;3;4
81;Ford;Mann;0;0
82;Ford;Mann;3;8
83;Ford;Mann;0;0
84;Ford;Mann;0;0
85;Ford;Mann;4;6
86;Ford;Mann;2;6
87;Ford;Mann;1;7
88;Ford;Mann;0;0
89;Ford;Mann;3;2
90;Ford;Mann;4;1
91;Ford;Mann;5;3
92;Ford;Mann;1;8
93;Ford;Mann;4;5
94;Ford;Mann;1;8
95;Ford;Mann;3;4
96;Ford;Mann;3;3
97;Ford;Mann;1;10
98;Ford;Mann;2;8
99;Ford;Mann;4;3
100;Ford;Mann;4;5
101;Ford;Mann;3;4
102;Ford;Mann;3;4
103;Ford;Mann;3;8
104;Ford;Mann;2;5
105;Ford;Mann;2;6
106;Ford;Mann;4;4
107;Ford;Mann;2;5
108;Ford;Frau;3;3
109;Ford;Frau;3;2
110;Ford;Frau;3;4
111;Ford;Frau;2;7
112;Ford;Frau;4;2
113;Ford;Frau;3;3
114;Ford;Frau;6;1
115;Ford;Frau;4;2
116;Ford;Frau;3;7
117;Ford;Frau;3;6
118;Ford;Frau;3;7
119;Ford;Frau;3;4
120;Ford;Frau;3;3
121;Ford;Frau;3;5
122;Ford;Frau;3;2
123;Ford;Frau;2;8
124;Ford;Frau;4;3
125;Ford;Frau;3;4
126;Ford;Frau;5;1
127;Ford;Frau;4;2
