Geburtsdatum;Geschlecht;Gewicht;Groesse;Blutgruppe
20.03.2007 12:52;f;3.68;52;0
24.03.2007 18:33;m;3.52;52;0
25.03.2007 11:08;f;4.03;52;A
21.03.2007 17:02;m;3.41;48;A
01.04.2007 16:34;m;2.92;48;AB
21.03.2007 09:31;m;2.66;47;A
06.04.2007 20:57;f;4.20;51;A
05.04.2007 00:18;m;3.36;51;0
03.04.2007 00:00;m;2.87;47;B
07.04.2007 06:16;f;3.28;52;0
05.01.2007 00:00;f;3.17;54;A
13.04.2007 13:22;m;2.80;51;A
10.04.2007 05:45;f;2.84;50;0
09.04.2007 22:05;f;3.14;51;0
12.04.2007 17:17;m;2.02;45;0
13.04.2007 11:14;f;3.36;48;B
06.04.2007 18:10;m;2.89;48;A
07.11.2007 13:18;m;3.28;51;A
04.01.2008 03:08;m;3.35;50;B
07.12.2007 08:21;m;2.78;48;A
04.12.2007 07:18;m;3.50;50;A
07.12.2007 09:40;f;3.32;49;0
07.11.2007 11:23;f;3.04;47;0
07.11.2007 05:31;m;3.35;52;B
05.01.2008 02:22;f;3.00;50;0
19.12.2007 08:07;m;2.49;48;B
04.07.2006 07:19;m;2.00;50;A
10.07.2006 07:57;f;2.00;49;A
12.11.2006 07:06;m;3.53;52;B
26.10.2006 23:46;f;2.54;46;0
31.10.2006 22:22;f;3.20;50;0
01.11.2006 15:18;m;3.65;50;0
03.11.2006 20:35;f;3.18;47;B
01.11.2006 19:07;f;3.73;52;B
13.11.2006 18:51;f;2.51;44;A
14.11.2006 19:11;m;3.83;52;A
17.11.2006 07:38;f;3.69;52;AB
15.11.2006 21:18;f;3.40;50;A
07.11.2006 14:29;f;3.77;52;0
30.11.2006 01:22;f;2.99;49;0
28.11.2006 17:42;m;3.30;49;B
30.11.2006 02:29;m;2.87;48;0
30.11.2006 13:18;m;4.10;57;A
02.12.2006 03:15;m;3.36;50;A
02.12.2006 21:20;m;3.34;50;B
01.12.2006 16:12;f;3.27;50;0
10.12.2006 16:20;f;3.45;53;AB
16.12.2006 20:23;f;3.30;49;B
17.12.2006 00:00;m;2.85;49;0
25.12.2006 10:31;f;3.40;49;0
12.12.2006 00:00;m;3.58;52;B
22.12.2006 15:22;f;2.88;48;A
02.01.2007 17:04;m;3.59;52;A
27.12.2006 12:42;f;2.58;43;B
25.12.2006 14:17;m;3.21;50;B
18.12.2006 23:10;m;4.09;54;0
11.01.2007 21:30;f;3.38;49;0
17.12.2006 00:00;m;3.11;49;A
07.01.2007 03:25;f;3.24;52;A
14.01.2007 21:18;f;2.73;47;B
14.01.2007 05:28;m;4.20;50;0
14.01.2007 06:40;f;3.21;49;0
16.01.2007 05:26;f;3.04;51;B
18.01.2007 00:19;m;3.70;51;0
22.01.2007 19:47;f;3.72;50;A
22.01.2007 11:50;f;2.88;49;A
20.01.2007 17:34;f;2.76;46;AB
20.01.2007 11:24;f;3.50;50;A
26.01.2007 19:23;f;2.75;47;A
23.01.2007 09:37;f;3.25;50;A
29.01.2007 07:26;m;3.96;52;B
27.01.2007 04:45;f;3.72;49;0
24.01.2007 17:38;m;3.81;53;A
13.03.2007 23:45;f;3.36;51;B
01.07.2006 09:30;m;3.00;52;B
04.07.2006 08:22;f;3.00;50;0
01.07.2006 08:13;m;3.48;54;0
03.01.2008 07:35;m;3.30;49;AB
10.07.2006 05:13;m;3.22;51;A
05.07.2006 13:50;f;3.51;50;B
21.07.2006 10:58;m;3.58;50;0
15.07.2006 08:32;m;3.93;52;0
16.07.2006 01:15;m;4.02;53;B
20.07.2006 14:35;m;2.58;50;B
19.07.2006 19:49;f;4.11;52;0
19.07.2006 23:55;m;2.54;47;B
18.07.2006 10:31;m;3.71;51;0
22.07.2006 22:40;f;2.54;43;0
26.07.2006 14:13;f;2.51;48;A
30.07.2006 15:50;m;4.04;55;A
03.08.2006 19:01;f;3.50;50;AB
28.07.2006 16:49;m;4.03;54;0
04.08.2006 16:45;m;3.15;50;0
08.08.2006 06:37;f;2.40;48;A
01.08.2006 06:32;f;3.31;51;0
14.08.2006 08:20;f;3.27;49;0
14.08.2006 06:03;m;4.21;53;0
17.08.2006 15:56;m;2.95;50;B
25.08.2006 07:50;f;3.33;53;A
22.08.2006 22:11;m;3.56;51;A
17.08.2006 19:20;m;4.18;52;B
26.08.2006 16:59;f;2.81;47;A
24.08.2006 15:14;m;4.83;55;A
26.08.2006 17:05;m;3.26;52;0
13.08.2006 03:26;f;3.93;53;0
12.09.2006 13:30;m;3.07;50;B
10.09.2006 09:59;m;2.63;50;0
10.09.2006 20:28;m;2.94;51;B
08.09.2006 12:06;f;2.86;48;A
07.09.2006 15:47;f;3.20;50;B
17.02.2007 21:54;m;3.07;46;0
14.02.2007 01:16;f;3.61;50;0
31.03.2007 02:17;m;3.45;52;B
19.03.2007 07:17;f;2.70;49;B
12.03.2007 09:27;m;2.86;49;0
09.03.2007 21:04;m;3.97;53;B
12.03.2007 10:13;f;3.98;51;0
31.01.2007 11:43;f;3.16;48;0
03.02.2007 00:00;m;3.66;53;A
31.01.2007 03:25;m;3.57;50;A
08.02.2007 11:49;m;3.16;49;AB
07.02.2007 18:42;m;2.83;50;0
14.02.2007 22:15;f;2.81;48;0
21.02.2007 08:14;m;4.10;51;A
22.02.2007 08:14;f;4.28;54;0
22.02.2007 17:42;f;3.56;51;0
24.02.2007 10:18;m;3.65;51;0
27.02.2007 14:18;f;3.22;49;B
28.02.2007 18:44;m;3.48;54;0
02.03.2007 23:42;m;3.14;49;B
28.02.2007 08:16;f;3.46;52;A
04.03.2007 07:24;m;3.18;50;A
28.02.2007 03:05;f;3.05;52;B
25.09.2006 08:57;f;4.18;56;B
14.09.2006 17:40;m;3.68;51;0
20.09.2006 08:40;m;3.13;52;0
15.09.2006 11:50;m;3.73;53;A
03.09.2006 08:12;m;3.95;53;A
13.11.2006 06:20;m;2.40;44;B
12.11.2006 13:58;m;3.88;53;0
03.10.2006 13:48;m;3.25;50;0
02.10.2006 03:28;f;3.28;51;B
02.10.2006 14:05;f;2.96;49;0
22.10.2006 21:51;m;3.70;54;A
22.10.2006 22:14;m;3.45;53;A
23.10.2006 18:12;f;3.52;51;AB
22.10.2006 09:25;f;2.73;50;A
19.10.2006 02:30;f;3.96;54;B
18.10.2006 23:04;f;3.39;50;A
17.10.2006 19:15;m;3.46;52;A
12.10.2006 18:20;m;3.23;50;B
12.10.2006 15:30;f;3.64;51;A
09.10.2006 02:37;f;3.16;51;A
12.10.2006 22:27;m;3.36;49;0
09.10.2006 08:12;m;3.24;53;0
03.10.2006 18:26;f;3.61;49;B
05.10.2006 14:19;m;2.87;48;0
04.10.2006 22:16;f;3.12;50;B
19.10.2006 14:46;m;2.03;46;A
26.10.2006 00:00;m;2.89;48;A
27.10.2006 23:37;m;3.05;51;B
25.10.2006 00:19;f;3.50;51;0
13.11.2006 04:12;m;4.12;53;0
01.09.2006 17:32;f;2.88;48;0
20.09.2006 12:25;f;3.49;52;B
27.09.2006 05:21;m;2.75;50;A
29.09.2006 09:11;m;2.86;50;AB
01.10.2006 14:10;f;3.08;50;A
23.09.2006 00:00;m;3.60;50;B
24.11.2006 12:22;m;2.72;49;A
26.11.2006 01:48;f;3.00;50;A
23.11.2006 01:45;m;4.04;49;0
24.11.2006 21:45;f;3.75;52;0
24.11.2006 21:15;f;3.45;52;A
04.12.2006 00:00;f;3.69;48;A
18.11.2006 21:11;f;2.70;48;AB
21.11.2006 05:29;m;3.24;54;0
11.12.2006 09:36;f;2.84;51;0
13.12.2006 07:03;f;2.84;48;A
12.12.2006 10:17;m;3.71;51;0
04.12.2006 09:57;f;2.90;47;0
07.09.2006 07:20;f;2.99;49;0
01.09.2006 08:21;f;3.63;49;B
01.09.2006 15:23;f;3.00;50;0
25.03.2007 18:54;m;4.15;53;B
02.12.2007 11:55;f;3.31;50;A
17.02.2008 03:24;f;3.51;52;A
21.02.2008 13:04;m;3.78;50;A
09.02.2008 00:00;f;3.15;49;B
17.02.2008 00:06;f;3.72;53;0
07.02.2008 00:09;f;3.69;52;AB
10.02.2008 00:00;f;3.35;49;B
26.01.2008 00:00;m;3.75;52;0
02.03.2008 13:24;m;2.49;44;0
11.02.2008 20:07;f;3.21;49;B
13.02.2008 20:38;m;3.67;51;A
02.02.2008 05:50;m;4.18;54;A
23.01.2008 06:13;f;3.06;50;B
02.02.2008 14:11;f;3.03;49;B
31.01.2008 00:00;m;4.38;56;0
04.02.2008 11:48;m;3.58;51;0
09.02.2008 10:12;f;3.29;50;A
04.02.2008 16:55;f;2.73;49;A
07.02.2008 15:44;f;3.26;53;B
21.02.2008 03:47;m;3.48;51;0
27.01.2008 18:32;f;3.20;53;0
12.01.2008 00:00;m;3.16;52;B
26.01.2008 03:31;m;2.88;49;0
14.01.2008 11:47;m;2.90;48;B
18.01.2008 13:03;m;3.42;50;0
11.01.2008 10:54;f;2.84;47;B
24.12.2007 09:40;f;3.58;52;A
14.01.2008 11:25;f;3.16;50;A
07.11.2007 10:11;m;3.62;52;B
03.01.2008 20:06;f;3.82;53;0
22.12.2007 10:25;m;3.51;50;0
05.04.2007 03:48;f;3.14;50;0
23.04.2007 10:45;m;2.96;49;B
20.04.2007 18:15;f;3.45;51;A
19.04.2007 14:05;f;3.87;54;0
27.04.2007 02:56;m;3.63;50;0
29.04.2007 06:19;m;3.09;51;0
28.04.2007 11:20;m;3.71;52;A
27.04.2007 01:42;f;3.56;51;A
30.04.2007 22:30;m;3.14;50;B
30.04.2007 15:31;m;3.05;51;B
01.05.2007 04:14;m;3.64;50;B
01.05.2007 08:46;f;3.30;52;AB
08.05.2007 18:29;f;2.78;48;0
08.05.2007 15:43;m;3.24;52;0
04.05.2007 12:51;f;2.01;44;0
04.05.2007 15:42;m;2.90;49;0
06.05.2007 13:39;f;3.54;53;A
26.04.2007 14:00;m;3.41;50;A
18.05.2007 17:40;m;3.43;49;B
08.05.2007 14:32;f;3.50;50;0
11.05.2007 17:25;f;2.74;46;0
11.05.2007 16:25;m;3.23;53;0
10.05.2007 00:58;f;3.29;52;0
19.05.2007 13:09;m;3.17;50;A
17.05.2007 00:54;f;2.50;48;A
15.05.2007 13:44;f;3.06;49;A
14.05.2007 20:36;f;3.10;49;0
18.05.2007 04:57;m;3.73;51;A
16.05.2007 13:36;m;3.64;53;0
29.05.2007 18:36;f;3.09;48;0
01.06.2007 18:15;m;2.47;47;0
30.05.2007 14:20;f;3.79;52;0
04.06.2007 07:12;m;3.41;50;B
01.06.2007 15:17;m;4.17;55;A
03.05.2007 00:00;f;1.75;44;0
31.05.2007 10:20;f;3.25;48;0
25.05.2007 09:21;f;2.99;47;0
21.05.2007 12:16;m;2.83;50;A
02.06.2007 16:30;m;3.17;49;A
07.06.2007 14:30;m;3.90;55;0
04.06.2007 00:50;m;3.46;52;0
05.06.2007 09:14;f;3.23;49;0
08.06.2007 18:25;m;3.55;53;B
08.06.2007 04:24;f;3.39;49;A
11.06.2007 16:55;f;2.64;47;0
12.06.2007 18:44;f;3.70;50;0
07.06.2007 05:07;f;2.60;48;0
15.06.2007 01:00;f;3.15;48;A
15.06.2007 15:09;f;3.06;50;A
01.06.2007 14:42;f;2.59;50;B
26.06.2007 07:25;m;2.90;48;A
23.06.2007 18:16;m;3.54;53;A
21.06.2007 05:40;f;3.06;50;A
29.06.2007 00:00;f;3.52;52;0
22.06.2007 12:24;f;4.19;53;0
02.07.2007 00:59;m;3.96;52;A
30.06.2007 21:24;f;3.20;50;0
14.06.2007 14:46;f;2.47;45;0
29.06.2007 11:17;m;3.67;51;0
06.07.2007 14:11;f;3.12;51;B
09.07.2007 19:20;m;3.35;48;0
26.06.2007 17:02;f;3.10;50;B
05.07.2007 01:41;f;3.14;51;A
05.07.2007 04:15;m;3.44;53;A
07.07.2007 10:15;m;2.80;50;B
17.07.2007 17:38;f;2.84;48;B
16.06.2007 19:25;f;2.86;49;0
09.06.2007 20:58;m;4.29;52;0
21.07.2007 09:49;f;3.17;53;A
24.07.2007 14:55;f;3.98;54;A
24.07.2007 11:58;m;2.94;51;B
26.07.2007 10:33;f;2.72;50;0
25.07.2007 16:27;m;3.82;52;0
19.07.2007 15:25;f;2.66;47;B
20.07.2007 18:07;f;3.41;52;0
30.07.2007 10:56;f;3.50;51;A
02.08.2007 12:34;f;3.47;51;A
14.06.2007 00:00;m;3.69;50;0
06.08.2007 19:10;f;3.80;52;0
04.08.2007 16:37;f;3.42;51;A
07.08.2007 15:40;f;3.28;51;0
08.08.2007 12:29;m;3.42;53;0
08.08.2007 19:18;m;3.25;48;0
13.06.2007 15:47;m;3.09;50;B
26.07.2007 05:02;m;3.66;53;0
24.07.2007 23:15;m;2.54;48;B
30.07.2007 19:22;m;3.41;52;A
25.07.2007 00:00;f;3.42;54;A
09.08.2007 13:49;f;3.72;50;B
10.08.2007 20:15;f;3.42;52;B
15.08.2007 02:42;m;3.56;50;0
15.08.2007 12:49;f;2.89;52;0
10.08.2007 14:15;m;3.10;49;A
16.08.2007 15:07;f;3.54;52;A
22.08.2007 00:30;f;2.40;48;B
23.08.2007 19:54;m;4.16;56;0
17.08.2007 09:30;m;3.14;51;0
22.08.2007 00:00;f;2.69;49;B
03.09.2007 17:07;m;2.93;48;0
31.08.2007 14:22;f;2.91;50;A
06.09.2007 08:08;m;3.35;48;A
28.08.2007 16:01;m;2.90;48;0
14.09.2007 17:16;f;3.77;50;B
10.09.2007 13:29;f;3.63;53;0
28.08.2007 19:50;f;3.03;48;0
09.09.2007 02:19;f;3.72;50;A
10.09.2007 17:09;f;3.45;53;AB
18.09.2007 08:26;m;3.59;52;A
06.09.2007 16:00;m;3.20;51;A
04.09.2007 17:56;m;3.06;50;B
25.09.2007 00:00;m;4.08;52;0
29.09.2007 13:49;m;3.47;51;A
19.09.2007 23:27;f;3.11;49;0
29.09.2007 00:00;f;3.90;50;A
28.09.2007 00:00;f;2.68;48;0
10.10.2007 20:38;f;3.20;50;B
04.10.2007 04:03;f;3.05;50;0
26.09.2007 03:20;f;3.20;52;A
04.10.2007 11:21;f;3.30;50;0
09.10.2007 07:15;m;2.70;48;0
23.09.2007 00:00;m;2.88;48;A
23.09.2007 14:50;m;3.71;51;A
19.09.2007 10:14;m;3.18;48;A
21.09.2007 07:57;f;3.22;51;B
26.09.2007 00:08;m;2.99;48;0
11.10.2007 15:07;m;3.70;53;0
16.10.2007 19:14;m;2.73;50;A
29.09.2007 12:50;f;2.60;47;A
08.10.2007 00:00;f;3.60;52;0
24.10.2007 18:02;f;3.38;51;0
22.09.2007 13:12;f;3.35;52;B
13.10.2007 04:02;f;3.62;55;A
22.11.2007 13:57;m;3.89;54;A
15.10.2007 20:17;f;3.21;52;0
17.10.2007 09:45;f;3.24;49;B
27.10.2007 21:04;m;3.52;50;0
10.11.2007 12:53;m;3.16;49;0
19.10.2007 19:08;m;3.52;51;A
27.09.2007 13:10;m;2.45;47;AB
10.11.2007 12:10;m;4.18;51;A
02.11.2007 00:00;f;3.27;48;A
13.11.2007 20:25;m;3.07;50;B
10.10.2007 00:00;m;3.68;51;0
21.11.2007 01:39;m;3.91;53;A
29.08.2007 00:00;m;3.40;52;0
18.11.2007 18:53;f;3.11;49;A
08.12.2007 16:33;f;3.83;57;0
05.12.2007 16:03;f;1.96;45;B
02.12.2007 03:33;m;3.00;47;0
13.12.2007 05:50;f;2.82;48;A
12.11.2007 00:00;f;3.42;52;0
02.12.2007 09:57;m;3.11;49;0
04.12.2007 17:50;f;3.72;54;A
15.11.2007 20:23;f;2.63;45;0
28.12.2007 07:57;m;3.38;51;B
28.11.2007 00:00;f;3.08;45;A
24.12.2007 11:29;m;3.85;52;A
