"id","Studium","Geschlecht","Alter","Herkunft","Atheist","Konservativ","Liberal","Sozialistisch","Kapitalistisch","Leben_Schutz","Leben_opfern","Gesetz_Abort","PID_Geschlecht","PID_krankeEltern","PID_Krank_Wunsch","PID_Aussehen_Wunsch","Klonen","Samenspende","Eizellenspende","Leihmutter","Adoption_Homo","Tierversuche_Kosmetika","Tierversuche_Med","Suizid_Recht","Suizid_erlaubt","Suizid_verboten","Suizid_Arzt","Tod_Hirntod","Abort_erlaubt","Abort_genKrank","Med_TestTier","Med_TestMensch","Med_TestKrank","Fleisch_essen"
1,"MBI",0,22,"grosse Stadt",1,0,1,1,0,1,2,1,3,1,1,4,5,1,1,1,1,1,4,1,1,5,1,4,1,1,3,1,5,5
2,"MBI",0,23,"Landgemeinde",3,0,1,0,0,2,2,1,2,2,2,4,4,2,2,4,2,1,3,2,2,5,2,2,3,2,3,2,4,4
3,"MBI",0,22,"Landgemeinde",0,0,1,1,0,1,2,1,5,2,5,5,5,1,1,3,1,2,3,3,1,5,1,3,5,2,3,1,5,4
4,"MBI",0,22,"Landgemeinde",3,0,1,0,0,2,1,2,3,1,2,5,4,1,1,3,1,1,4,1,1,5,1,3,3,3,2,1,5,3
5,"MBI",1,24,"Landgemeinde",5,0,1,1,1,1,4,2,4,2,4,5,5,2,2,3,1,1,3,3,2,3,2,3,3,3,2,2,4,3
6,"MBI",0,23,"Landgemeinde",5,0,0,0,0,1,1,1,1,1,1,1,5,1,1,1,1,1,1,1,1,5,1,1,1,2,5,1,5,3
7,"MBI",0,23,"Landgemeinde",0,0,0,0,0,4,2,1,4,2,4,5,5,1,1,1,1,1,4,4,2,5,2,2,3,2,2,1,3,4
8,"MBI",1,22,"Landgemeinde",2,0,1,0,0,4,1,1,5,1,2,5,5,1,1,1,1,1,1,1,1,5,1,1,1,1,5,1,2,5
9,"MBI",1,22,"kleine Stadt",4,0,1,1,0,1,2,2,2,2,2,4,4,2,2,2,1,2,4,2,1,4,2,2,2,2,2,2,4,4
10,"MBI",1,23,"kleine Stadt",1,0,1,0,1,5,2,1,2,1,1,3,3,1,1,3,2,1,4,1,1,5,1,1,1,2,2,1,4,5
11,"MBI",1,24,"Landgemeinde",0,0,1,1,0,2,5,2,3,3,2,3,3,2,2,2,2,3,3,2,2,4,2,2,2,2,2,4,4,5
12,"MBI",0,24,"grosse Stadt",4,0,1,0,0,2,3,2,3,1,2,3,3,2,2,2,1,2,3,2,1,4,2,3,2,3,3,2,4,4
13,"MBI",1,22,"Landgemeinde",5,0,0,0,0,3,4,2,5,2,4,5,4,1,1,3,3,1,4,4,1,4,2,2,4,3,4,2,5,5
14,"MBI",0,23,"Landgemeinde",3,0,0,0,0,2,4,2,4,1,3,5,5,1,1,3,1,1,3,5,1,4,2,2,4,2,4,1,5,3
15,"MBI",1,22,"Landgemeinde",3,0,1,1,0,1,1,1,5,1,1,5,3,1,1,3,4,4,4,4,1,5,5,5,1,3,3,1,2,5
16,"MBI",1,22,"grosse Stadt",2,0,1,1,1,1,2,1,4,1,1,4,2,1,1,2,1,4,4,3,2,4,2,2,4,2,2,3,4,4
17,"Technik",1,27,"kleine Stadt",1,0,0,0,0,1,2,4,2,2,2,1,2,1,1,1,1,1,1,1,1,4,1,1,5,5,5,2,5,5
18,"Technik",1,22,"kleine Stadt",0,0,1,0,0,1,2,2,2,2,2,2,4,1,1,2,2,1,4,2,1,5,1,1,2,2,2,4,2,5
19,"Technik",0,21,"Landgemeinde",0,0,1,0,0,1,2,1,4,1,1,1,2,1,1,1,1,1,1,4,1,5,1,1,1,1,4,4,4,5
20,"MBI",0,22,"Landgemeinde",0,0,1,1,0,1,2,2,5,1,1,5,5,2,2,5,1,1,4,4,1,4,1,4,1,1,2,5,5,5
21,"MBI",1,23,"kleine Stadt",3,0,1,0,0,2,4,2,2,2,2,4,5,2,2,4,2,2,4,2,2,4,2,2,2,1,2,2,4,1
22,"MBI",0,22,"Landgemeinde",0,0,0,0,0,4,1,4,2,1,1,4,2,1,1,2,1,5,5,4,1,5,1,1,1,1,2,1,2,5
23,"Technik",0,65,"kleine Stadt",0,0,0,0,0,2,4,2,1,2,4,2,5,1,1,2,1,2,4,2,2,4,2,2,5,2,1,1,4,5
24,"Technik",1,22,"Landgemeinde",1,0,0,0,1,5,1,2,5,1,1,4,5,1,1,1,5,4,5,1,1,5,1,1,1,1,1,1,4,5
25,"MBI",1,35,"Landgemeinde",3,0,1,0,1,5,2,1,1,1,1,1,1,1,1,1,1,1,5,2,1,5,1,1,1,1,1,1,4,2
26,"MBI",1,23,"Landgemeinde",5,1,1,1,0,2,2,2,5,1,2,5,2,1,1,2,2,1,4,4,2,4,2,2,2,2,2,1,4,5
27,"MBI",1,21,"Landgemeinde",3,1,0,0,0,5,1,2,2,1,1,2,2,1,1,2,5,1,5,1,1,5,1,1,1,1,2,1,4,5
28,"MBI",0,22,"Landgemeinde",1,0,0,0,0,4,1,4,2,1,1,2,2,1,1,2,1,5,5,1,2,5,1,1,1,1,1,1,2,5
29,"MBI",0,22,"kleine Stadt",5,0,1,0,0,2,4,4,5,2,5,5,5,1,1,1,4,1,4,2,1,5,1,1,5,1,1,1,5,5
30,"MBI",1,22,"kleine Stadt",1,0,1,0,0,5,2,1,1,2,5,5,5,1,1,1,1,1,1,2,1,5,1,1,1,2,4,1,5,5
31,"GeWi",0,23,"Landgemeinde",0,0,0,1,0,1,4,2,4,2,2,4,4,2,2,2,1,1,2,4,2,4,2,2,4,4,4,2,5,4
32,"MBI",1,23,"Landgemeinde",1,0,0,0,0,5,2,1,4,1,1,4,2,1,1,1,1,4,4,2,1,5,1,1,1,1,2,2,5,5
33,"Wirtschaft",1,23,"Landgemeinde",0,0,1,0,0,4,1,1,1,1,1,1,4,1,1,4,1,1,1,2,1,5,1,1,1,1,4,1,4,5
34,"MBI",1,22,"kleine Stadt",0,0,0,0,0,2,2,4,4,2,2,4,2,2,2,1,1,1,2,2,2,4,4,2,4,2,2,2,5,5
35,"MBI",1,23,"Landgemeinde",3,0,0,0,0,4,2,1,4,2,2,4,5,1,1,1,1,2,4,1,1,5,1,4,1,4,2,2,5,5
36,"MBI",1,22,"Landgemeinde",1,1,0,0,0,2,2,4,4,1,4,4,1,1,1,1,2,1,4,1,1,5,2,2,2,1,2,2,4,5
37,"MBI",0,28,"Landgemeinde",5,0,0,0,0,1,5,1,5,1,2,5,5,1,1,1,1,1,2,1,2,4,2,1,1,1,2,4,5,5
38,"MBI",0,23,"Landgemeinde",5,0,0,0,0,1,4,2,5,2,4,5,5,2,4,5,1,1,4,2,5,1,5,2,1,1,2,5,5,5
39,"MBI",1,22,"Landgemeinde",3,0,0,0,0,1,4,2,4,2,2,4,4,1,1,1,1,1,1,2,2,4,2,1,5,2,5,2,5,4
40,"MBI",0,22,"Landgemeinde",1,0,0,0,0,1,1,1,5,1,1,5,4,1,1,1,1,1,5,1,1,5,1,1,1,1,1,1,1,5
41,"MBI",0,23,"Landgemeinde",1,0,0,0,0,1,4,2,2,1,1,2,4,1,1,1,1,1,1,2,2,4,4,4,2,2,5,1,4,4
42,"Technik",1,23,"Landgemeinde",1,0,0,0,0,4,4,2,4,2,2,2,5,1,1,1,1,1,5,1,1,5,1,4,4,2,2,2,5,5
43,"MBI/M",0,55,"Landgemeinde",5,0,0,0,0,1,5,5,5,5,5,5,5,4,5,5,2,2,5,5,5,1,5,4,5,4,1,5,5,5
44,"Unbekannt",1,56,"Landgemeinde",5,0,1,0,0,1,2,2,4,2,4,5,5,2,2,4,4,2,2,2,4,2,4,2,4,2,4,4,4,5
45,"MBI",1,25,"Landgemeinde",0,1,0,0,0,2,1,1,4,2,2,4,1,1,1,1,2,1,4,2,2,4,2,2,4,2,2,2,5,5
46,"MBI",1,26,"kleine Stadt",0,0,0,0,0,2,2,1,4,2,2,5,2,2,2,2,2,2,2,2,1,5,1,1,2,2,2,1,4,2
47,"MBI",0,23,"Landgemeinde",5,0,0,0,0,1,1,1,1,1,1,5,1,2,2,2,1,2,4,1,1,5,1,1,1,1,2,2,5,1
48,"MBI",1,22,"kleine Stadt",1,0,0,0,0,2,4,1,1,1,1,2,4,1,1,2,1,1,4,2,1,4,1,1,1,2,2,4,5,5
49,"MBI",1,24,"kleine Stadt",1,0,0,0,0,5,1,2,2,1,1,1,4,2,2,2,5,1,5,1,1,5,1,1,1,1,2,2,2,5
50,"MBI",1,22,"Landgemeinde",0,0,1,0,0,4,1,1,1,1,1,1,5,1,1,1,1,4,4,1,1,5,1,1,1,1,4,1,1,5
51,"MBI",0,23,"Landgemeinde",0,0,1,0,0,2,1,2,4,1,2,5,1,1,1,2,1,1,4,2,2,4,2,1,5,2,2,2,5,5
52,"MBI",0,22,"Landgemeinde",5,0,0,1,0,2,4,2,5,2,2,5,1,2,2,2,1,1,2,4,2,4,2,4,2,4,4,2,5,2
53,"Unbekannt",1,27,"Landgemeinde",1,0,1,0,0,5,1,2,1,1,1,1,5,1,1,1,1,2,4,1,1,5,1,2,1,1,2,1,4,2
54,"Technik",1,30,"kleine Stadt",5,1,0,0,0,4,1,5,5,1,4,1,1,1,1,1,5,1,4,5,4,2,4,1,5,5,1,1,4,5
55,"GeWi",0,23,"kleine Stadt",0,1,1,0,0,1,2,2,1,1,1,4,2,1,1,1,1,1,2,2,1,5,1,1,1,1,4,4,5,5
56,"MBI",1,22,"Landgemeinde",0,0,0,0,0,1,4,2,2,1,1,4,1,1,1,1,1,1,4,1,2,4,2,2,2,4,4,2,4,5
57,"Technik",1,21,"Landgemeinde",0,0,0,0,0,2,1,4,4,1,1,5,4,1,1,1,1,1,2,1,4,2,2,2,4,4,4,1,5,5
58,"MBI",0,21,"Landgemeinde",0,0,1,1,0,1,1,4,4,4,5,5,1,2,2,2,2,1,4,1,1,5,1,2,5,5,2,2,5,4
59,"GeWi",0,19,"Landgemeinde",0,0,0,0,0,2,2,1,4,2,4,5,2,1,2,2,4,2,4,4,2,2,1,5,1,5,2,2,4,4
60,"Unbekannt",0,22,"Landgemeinde",3,0,0,0,0,2,4,4,5,1,4,5,1,1,1,1,1,1,4,1,1,5,1,1,4,2,4,1,5,2
61,"MBI",0,20,"kleine Stadt",1,0,0,0,0,2,2,1,2,2,2,2,1,1,1,1,1,1,2,1,1,5,1,1,2,4,4,2,5,1
62,"MBI/M",0,21,"Landgemeinde",0,0,1,0,0,2,4,1,5,1,1,4,1,1,1,2,1,1,4,1,1,5,1,2,4,2,4,2,5,4
63,"MBI",1,20,"kleine Stadt",3,0,0,0,0,4,4,1,2,1,1,5,2,2,2,1,2,1,2,1,1,5,1,1,1,1,4,2,4,5
64,"Unbekannt",0,45,"grosse Stadt",5,0,1,0,0,1,5,1,5,1,2,5,1,1,1,1,1,1,1,1,1,5,1,1,2,1,5,1,5,2
65,"GeWi",0,46,"kleine Stadt",5,0,0,0,0,1,4,2,4,2,2,4,1,1,1,2,1,1,4,2,5,4,4,2,2,5,4,2,4,5
66,"MBI/M",1,24,"grosse Stadt",4,2,2,4,5,4,1,1,1,1,2,4,2,1,2,1,1,2,5,1,1,5,1,4,1,2,2,2,4,5
67,"MBI/M",0,20,"kleine Stadt",1,5,1,2,2,1,1,1,2,1,4,1,5,1,2,2,1,1,1,1,1,5,1,1,1,2,1,1,4,2
68,"MBI/M",0,20,"Landgemeinde",4,4,2,2,5,4,2,5,4,1,1,5,5,2,2,2,1,1,4,1,1,5,1,1,1,1,2,2,5,5
69,"MBI/M",0,20,"Landgemeinde",5,5,5,5,5,2,2,2,5,2,2,5,5,1,2,4,4,1,1,2,2,4,1,2,4,1,4,2,2,5
70,"MBI/M",0,20,"Landgemeinde",4,2,4,4,4,2,1,1,5,1,5,5,5,2,4,4,1,1,4,1,4,2,4,2,5,2,2,5,2,5
71,"MBI/M",0,21,"Landgemeinde",4,2,2,2,2,1,2,1,4,1,1,4,5,1,1,1,1,2,2,1,1,4,1,1,1,1,4,2,5,5
72,"MBI/M",0,22,"kleine Stadt",5,5,2,1,5,1,5,1,5,1,2,5,5,1,1,1,1,4,4,1,1,5,1,4,1,2,2,2,5,5
73,"MBI/M",0,20,"Landgemeinde",5,2,4,1,4,1,2,1,4,1,1,5,5,2,2,5,1,4,2,1,2,4,4,1,5,4,2,4,5,5
74,"MBI/M",0,20,"Landgemeinde",5,4,4,1,4,2,5,2,4,2,4,5,5,2,4,4,2,1,4,2,1,5,2,2,2,4,2,2,5,5
75,"MBI/M",0,20,"Landgemeinde",4,5,1,1,4,1,4,4,5,2,5,5,5,2,2,4,1,1,4,1,1,5,1,2,4,4,2,2,5,2
76,"MBI/M",0,20,"Landgemeinde",5,4,4,2,4,1,4,1,5,1,4,5,5,1,1,4,1,4,5,2,1,5,1,1,4,2,1,2,5,5
77,"MBI/M",0,23,"Landgemeinde",5,4,2,4,5,1,2,4,4,2,4,5,5,2,2,4,5,2,2,2,2,5,4,2,5,4,4,2,5,5
78,"MBI/M",0,20,"kleine Stadt",2,2,2,2,2,1,2,2,1,1,2,2,5,1,1,4,2,4,4,2,1,5,1,2,2,1,2,4,4,4
79,"MBI/M",0,20,"kleine Stadt",1,NA,NA,NA,NA,1,5,1,5,4,1,4,5,1,1,1,1,1,4,1,1,5,1,1,1,4,4,1,5,5
80,"MBI/M",0,21,"grosse Stadt",5,4,2,1,4,1,4,2,4,2,2,5,5,4,4,4,5,1,4,1,2,5,2,2,4,4,4,2,5,5
81,"MBI/M",0,22,"Landgemeinde",5,5,4,2,4,1,2,2,5,2,2,5,5,2,2,2,1,2,2,2,1,5,2,1,4,2,2,4,4,5
82,"MBI/M",0,22,"Landgemeinde",2,4,2,2,4,1,5,2,5,1,1,5,5,2,2,2,2,1,4,1,2,5,1,2,5,4,2,2,5,5
83,"MBI/M",1,40,"kleine Stadt",5,4,1,1,4,2,4,2,1,1,1,2,4,2,2,2,2,2,4,2,4,2,4,2,2,2,2,2,4,5
84,"MBI/M",1,24,"Landgemeinde",4,5,2,5,1,4,5,1,5,1,1,5,5,2,2,4,1,1,5,1,1,5,1,1,2,2,1,2,4,5
85,"MBI/M",0,20,"Landgemeinde",5,2,2,2,4,2,2,2,4,1,2,5,5,2,2,2,4,1,2,2,1,5,2,1,4,2,5,2,5,5
86,"MBI/M",0,20,"Landgemeinde",2,4,2,2,4,1,1,5,2,1,4,5,5,2,1,2,1,1,4,1,1,5,1,2,1,1,2,4,4,5
87,"MBI/M",0,20,"Landgemeinde",2,4,4,2,5,2,2,1,4,1,2,5,5,2,2,2,1,1,4,1,1,5,2,2,4,1,2,2,4,5
88,"MBI/M",0,20,"kleine Stadt",5,5,5,5,5,1,5,5,5,2,5,5,5,5,5,2,5,1,1,1,4,2,4,4,5,4,5,2,5,5
89,"MBI",0,22,"grosse Stadt",4,4,2,2,4,1,2,1,3,1,1,4,5,1,1,1,1,1,4,1,1,5,1,4,1,1,3,1,5,5
90,"MBI",0,22,"Landgemeinde",4,4,2,2,4,2,2,1,2,2,2,4,4,2,2,4,2,1,3,2,2,5,2,2,3,2,3,2,4,4
91,"MBI",0,23,"Landgemeinde",4,4,2,2,4,1,2,1,5,2,5,5,5,1,1,3,1,2,3,3,1,5,1,3,5,2,3,1,5,4
92,"MBI",0,22,"Landgemeinde",2,4,2,2,4,2,1,2,3,1,2,5,4,1,1,3,1,1,4,1,1,5,1,3,3,3,2,1,5,3
93,"MBI",1,28,"Landgemeinde",5,4,2,2,5,1,4,2,4,2,4,5,5,2,2,3,1,1,3,3,2,3,2,3,3,3,2,2,4,3
94,"MBI",0,23,"Landgemeinde",1,5,2,2,4,1,1,1,1,1,1,1,5,1,1,1,1,1,1,1,1,5,1,1,1,2,5,1,5,3
95,"MBI",0,22,"Landgemeinde",4,4,4,4,5,4,2,1,4,2,4,5,5,1,1,1,1,1,4,4,2,5,2,2,3,2,2,1,3,4
96,"MBI",1,0,"Landgemeinde",3,0,1,0,0,4,1,1,5,1,2,5,5,1,1,1,1,1,1,1,1,5,1,1,1,1,5,1,2,5
97,"MBI",1,0,"kleine Stadt",4,0,1,1,0,1,2,2,2,2,2,4,4,2,2,2,1,2,4,2,1,4,2,2,2,2,2,2,4,4
98,"MBI",1,0,"kleine Stadt",1,0,1,0,1,5,2,1,2,1,1,3,3,1,1,3,2,1,4,1,1,5,1,1,1,2,2,1,4,5
99,"MBI",1,0,"Landgemeinde",0,0,1,1,0,2,5,2,3,3,2,3,3,2,2,2,2,3,3,2,2,4,2,2,2,2,2,4,4,5
100,"MBI",0,0,"grosse Stadt",4,0,1,0,0,2,3,2,3,1,2,3,3,2,2,2,1,2,3,2,1,4,2,3,2,3,3,2,4,4
101,"MBI",1,0,"Landgemeinde",5,0,0,0,0,3,4,2,5,2,4,5,4,1,1,3,3,1,4,4,1,4,2,2,4,3,4,2,5,5
102,"MBI",0,0,"Landgemeinde",3,0,0,0,0,2,4,2,4,1,3,5,5,1,1,3,1,1,3,5,1,4,2,2,4,2,4,1,5,3
103,"MBI",1,0,"Landgemeinde",3,0,1,1,0,1,1,1,5,1,1,5,3,1,1,3,4,4,4,4,1,5,5,5,1,3,3,1,2,5
104,"MBI",1,0,"grosse Stadt",2,0,1,1,1,1,2,1,4,1,1,4,2,1,1,2,1,4,4,3,2,4,2,2,4,2,2,3,4,4
105,"Technik",1,0,"kleine Stadt",1,0,0,0,0,1,2,4,2,2,2,1,2,1,1,1,1,1,1,1,1,4,1,1,5,5,5,2,5,5
106,"Technik",1,0,"kleine Stadt",0,0,1,0,0,1,2,2,2,2,2,2,4,1,1,2,2,1,4,2,1,5,1,1,2,2,2,4,2,5
107,"Technik",0,0,"Landgemeinde",0,0,1,0,0,1,2,1,4,1,1,1,2,1,1,1,1,1,1,4,1,5,1,1,1,1,4,4,4,5
108,"MBI",0,0,"Landgemeinde",0,0,1,1,0,1,2,2,5,1,1,5,5,2,2,5,1,1,4,4,1,4,1,4,1,1,2,5,5,5
109,"MBI",1,0,"kleine Stadt",3,0,1,0,0,2,4,2,2,2,2,4,5,2,2,4,2,2,4,2,2,4,2,2,2,1,2,2,4,1
110,"MBI",0,0,"Landgemeinde",0,0,0,0,0,4,1,4,2,1,1,4,2,1,1,2,1,5,5,4,1,5,1,1,1,1,2,1,2,5
111,"Technik",0,0,"kleine Stadt",0,0,0,0,0,2,4,2,1,2,4,2,5,1,1,2,1,2,4,2,2,4,2,2,5,2,1,1,4,5
112,"Technik",1,0,"Landgemeinde",1,0,0,0,1,5,1,2,5,1,1,4,5,1,1,1,5,4,5,1,1,5,1,1,1,1,1,1,4,5
113,"MBI",1,0,"Landgemeinde",3,0,1,0,1,5,2,1,1,1,1,1,1,1,1,1,1,1,5,2,1,5,1,1,1,1,1,1,4,2
114,"MBI",1,0,"Landgemeinde",5,1,1,1,0,2,2,2,5,1,2,5,2,1,1,2,2,1,4,4,2,4,2,2,2,2,2,1,4,5
115,"MBI",1,0,"Landgemeinde",3,1,0,0,0,5,1,2,2,1,1,2,2,1,1,2,5,1,5,1,1,5,1,1,1,1,2,1,4,5
116,"MBI",0,0,"Landgemeinde",1,0,0,0,0,4,1,4,2,1,1,2,2,1,1,2,1,5,5,1,2,5,1,1,1,1,1,1,2,5
117,"MBI",0,0,"kleine Stadt",5,0,1,0,0,2,4,4,5,2,5,5,5,1,1,1,4,1,4,2,1,5,1,1,5,1,1,1,5,5
118,"MBI",1,0,"kleine Stadt",1,0,1,0,0,5,2,1,1,2,5,5,5,1,1,1,1,1,1,2,1,5,1,1,1,2,4,1,5,5
119,"GeWi",0,0,"Landgemeinde",0,0,0,1,0,1,4,2,4,2,2,4,4,2,2,2,1,1,2,4,2,4,2,2,4,4,4,2,5,4
120,"MBI",1,0,"Landgemeinde",1,0,0,0,0,5,2,1,4,1,1,4,2,1,1,1,1,4,4,2,1,5,1,1,1,1,2,2,5,5
121,"GeWi",1,0,"Landgemeinde",0,0,1,0,0,4,1,1,1,1,1,1,4,1,1,4,1,1,1,2,1,5,1,1,1,1,4,1,4,5
122,"GeWi",1,0,"kleine Stadt",0,0,0,0,0,2,2,4,4,2,2,4,2,2,2,1,1,1,2,2,2,4,4,2,4,2,2,2,5,5
123,"MBI",1,0,"Landgemeinde",3,0,0,0,0,4,2,1,4,2,2,4,5,1,1,1,1,2,4,1,1,5,1,4,1,4,2,2,5,5
124,"MBI",1,0,"Landgemeinde",1,1,0,0,0,2,2,4,4,1,4,4,1,1,1,1,2,1,4,1,1,5,2,2,2,1,2,2,4,5
125,"Unbekannt",0,0,"Landgemeinde",5,0,0,0,0,1,5,1,5,1,2,5,5,1,1,1,1,1,2,1,2,4,2,1,1,1,2,4,5,5
126,"MBI",0,0,"Landgemeinde",5,0,0,0,0,1,4,2,5,2,4,5,5,2,4,5,1,1,4,2,5,1,5,2,1,1,2,5,5,5
127,"Unbekannt",1,0,"Landgemeinde",3,0,0,0,0,1,4,2,4,2,2,4,4,1,1,1,1,1,1,2,2,4,2,1,5,2,5,2,5,4
128,"MBI",0,0,"Landgemeinde",1,0,0,0,0,1,1,1,5,1,1,5,4,1,1,1,1,1,5,1,1,5,1,1,1,1,1,1,1,5
129,"MBI",0,0,"Landgemeinde",1,0,0,0,0,1,4,2,2,1,1,2,4,1,1,1,1,1,1,2,2,4,4,4,2,2,5,1,4,4
130,"Technik",1,0,"Landgemeinde",1,0,0,0,0,4,4,2,4,2,2,2,5,1,1,1,1,1,5,1,1,5,1,4,4,2,2,2,5,5
131,"MBI/M",0,0,"Landgemeinde",5,0,0,0,0,1,5,5,5,5,5,5,5,4,5,5,2,2,5,5,5,1,5,4,5,4,1,5,5,5
132,"Unbekannt",1,0,"Landgemeinde",5,0,1,0,0,1,2,2,4,2,4,5,5,2,2,4,4,2,2,2,4,2,4,2,4,2,4,4,4,5
133,"MBI",1,0,"Landgemeinde",0,1,0,0,0,2,1,1,4,2,2,4,1,1,1,1,2,1,4,2,2,4,2,2,4,2,2,2,5,5
134,"MBI",1,0,"kleine Stadt",0,0,0,0,0,2,2,1,4,2,2,5,2,2,2,2,2,2,2,2,1,5,1,1,2,2,2,1,4,2
135,"MBI",0,0,"Landgemeinde",5,0,0,0,0,1,1,1,1,1,1,5,1,2,2,2,1,2,4,1,1,5,1,1,1,1,2,2,5,1
136,"MBI",1,0,"kleine Stadt",1,0,0,0,0,2,4,1,1,1,1,2,4,1,1,2,1,1,4,2,1,4,1,1,1,2,2,4,5,5
155,"MBI/M",0,0,"kleine Stadt",2,0,1,1,1,1,1,1,2,1,4,1,5,1,2,2,1,1,1,1,1,5,1,1,1,2,1,1,4,2
156,"MBI/M",0,0,"Landgemeinde",5,0,1,1,0,4,2,5,4,1,1,5,5,2,2,2,1,1,4,1,1,5,1,1,1,1,2,2,5,5
157,"MBI/M",0,0,"Landgemeinde",5,0,0,0,0,2,2,2,5,2,2,5,5,1,2,4,4,1,1,2,2,4,1,2,4,1,4,2,2,5
158,"MBI/M",0,0,"Landgemeinde",0,1,0,0,0,2,1,1,5,1,5,5,5,2,4,4,1,1,4,1,4,2,4,2,5,2,2,5,2,5
159,"MBI/M",0,0,"Landgemeinde",5,1,1,1,1,1,2,1,4,1,1,4,5,1,1,1,1,2,2,1,1,4,1,1,1,1,4,2,5,5
160,"MBI/M",0,0,"kleine Stadt",5,0,1,1,0,1,5,1,5,1,2,5,5,1,1,1,1,4,4,1,1,5,1,4,1,2,2,2,5,5
161,"MBI/M",0,0,"Landgemeinde",0,1,0,1,0,1,2,1,4,1,1,5,5,2,2,5,1,4,2,1,2,4,4,1,5,4,2,4,5,5
162,"MBI/M",0,0,"Landgemeinde",5,0,0,1,0,2,5,2,4,2,4,5,5,2,4,4,2,1,4,2,1,5,2,2,2,4,2,2,5,5
163,"MBI/M",0,0,"Landgemeinde",4,0,1,1,0,1,4,4,5,2,5,5,5,2,2,4,1,1,4,1,1,5,1,2,4,4,2,2,5,2
164,"MBI/M",0,0,"Landgemeinde",5,0,0,1,0,1,4,1,5,1,4,5,5,1,1,4,1,4,5,2,1,5,1,1,4,2,1,2,5,5
165,"MBI/M",0,0,"Landgemeinde",5,0,1,0,0,1,2,4,4,2,4,5,5,2,2,4,5,2,2,2,2,5,4,2,5,4,4,2,5,5
166,"MBI/M",0,0,"kleine Stadt",1,1,1,1,1,1,2,2,1,1,2,2,5,1,1,4,2,4,4,2,1,5,1,2,2,1,2,4,4,4
167,"MBI/M",0,0,"kleine Stadt",1,NA,NA,NA,NA,1,5,1,5,4,1,4,5,1,1,1,1,1,4,1,1,5,1,1,1,4,4,1,5,5
168,"MBI/M",0,0,"grosse Stadt",5,0,1,1,0,1,4,2,4,2,2,5,5,4,4,4,5,1,4,1,2,5,2,2,4,4,4,2,5,5
169,"MBI/M",0,0,"Landgemeinde",5,0,0,1,0,1,2,2,5,2,2,5,5,2,2,2,1,2,2,2,1,5,2,1,4,2,2,4,4,5
170,"MBI/M",0,0,"Landgemeinde",1,0,1,1,0,1,5,2,5,1,1,5,5,2,2,2,2,1,4,1,2,5,1,2,5,4,2,2,5,5
171,"MBI/M",1,0,"kleine Stadt",5,0,1,1,0,2,4,2,1,1,1,2,4,2,2,2,2,2,4,2,4,2,4,2,2,2,2,2,4,5
172,"MBI/M",1,0,"Landgemeinde",3,0,1,0,1,4,5,1,5,1,1,5,5,2,2,4,1,1,5,1,1,5,1,1,2,2,1,2,4,5
173,"MBI/M",0,0,"Landgemeinde",5,1,1,1,0,2,2,2,4,1,2,5,5,2,2,2,4,1,2,2,1,5,2,1,4,2,5,2,5,5
174,"MBI/M",0,0,"Landgemeinde",2,0,1,1,0,1,1,5,2,1,4,5,5,2,1,2,1,1,4,1,1,5,1,2,1,1,2,4,4,5
175,"MBI/M",0,0,"Landgemeinde",1,0,0,1,0,2,2,1,4,1,2,5,5,2,2,2,1,1,4,1,1,5,2,2,4,1,2,2,4,5
176,"MBI/M",0,0,"kleine Stadt",5,0,0,0,0,1,5,5,5,2,5,5,5,5,5,2,5,1,1,1,4,2,4,4,5,4,5,2,5,5
177,"MBI",1,22,"kleine Stadt",3,5,2,2,2,4,2,1,1,1,1,2,3,1,1,1,1,1,4,4,1,5,1,1,1,1,2,2,5,5
178,"MBI",0,20,"Landgemeinde",4,5,1,1,5,1,4,1,4,2,2,5,5,1,1,1,1,1,2,2,2,4,2,1,1,3,4,3,5,5
179,"MBI",0,21,"kleine Stadt",2,5,5,5,5,1,1,2,2,2,1,1,5,2,2,4,3,2,4,2,1,5,1,5,2,3,1,2,5,5
180,"MBI",1,23,"Landgemeinde",5,5,1,1,5,5,3,1,1,1,1,1,5,1,1,1,1,1,1,1,1,5,1,1,1,1,5,1,5,5
181,"MBI",0,21,"Landgemeinde",3,2,4,2,5,4,5,2,2,1,4,5,5,2,2,2,4,4,4,2,2,5,2,1,2,2,2,2,4,5
182,"MBI",1,22,"kleine Stadt",5,4,3,2,4,1,4,2,3,1,1,4,5,3,3,2,1,1,4,3,2,4,3,3,3,2,2,2,5,5
183,"MBI",1,29,"Landgemeinde",4,3,4,4,3,2,3,1,3,2,3,5,3,1,1,1,5,1,2,1,1,5,1,1,1,2,4,1,5,5
184,"MBI",1,23,"grosse Stadt",2,3,4,3,2,2,2,1,4,1,2,4,4,1,1,1,1,2,4,1,1,5,1,1,1,1,3,2,2,5
185,"MBI",1,23,"kleine Stadt",2,4,4,2,2,2,2,1,2,1,2,2,4,1,1,1,3,1,1,1,1,5,1,1,3,2,5,2,5,4
186,"MBI",0,21,"Landgemeinde",5,3,3,3,3,2,1,1,5,1,1,5,5,1,1,5,2,1,5,1,1,5,1,5,1,1,1,2,5,5
187,"MBI",0,22,"Landgemeinde",2,4,4,2,4,1,2,3,4,3,3,4,5,2,2,2,1,1,1,1,1,5,1,1,3,3,5,3,5,4
188,"MBI",1,23,"Landgemeinde",2,3,1,2,3,3,2,1,4,2,3,5,3,1,1,1,1,2,5,2,2,4,2,4,4,2,1,1,2,5
189,"MBI",1,23,"Landgemeinde",2,5,4,5,3,1,2,2,2,1,1,5,5,1,1,1,1,1,1,2,2,5,2,4,1,2,5,2,5,5
190,"MBI",0,22,"Landgemeinde",4,2,4,3,3,1,2,3,5,1,2,5,5,1,1,3,1,1,2,3,2,4,1,1,4,4,3,1,5,4
191,"MBI",0,23,"Landgemeinde",5,3,3,2,5,1,2,2,5,2,4,5,4,1,1,4,1,1,2,2,2,5,1,1,4,4,2,4,4,5
192,"MBI",1,23,"Landgemeinde",4,3,3,3,3,4,4,1,2,2,2,4,5,1,1,1,1,2,5,2,1,4,2,4,1,3,1,1,5,5
193,"Wirtschaft",1,27,"kleine Stadt",2,4,1,5,1,3,3,1,1,1,1,4,3,1,1,1,1,4,5,1,1,5,2,2,2,2,1,2,4,5
194,"Technik",1,23,"Landgemeinde",2,5,4,1,4,1,2,1,2,1,1,2,3,1,1,4,1,3,4,1,1,5,1,3,1,1,2,1,5,4
195,"Technik",1,25,"Landgemeinde",4,2,3,1,4,3,3,2,3,3,3,2,3,2,2,2,1,2,4,2,2,5,2,1,2,2,2,2,4,4
196,"Technik",1,23,"grosse Stadt",3,1,2,2,5,3,2,2,3,1,1,5,5,1,1,1,1,2,4,1,1,5,1,1,2,2,2,1,4,5
197,"Technik",1,23,"Landgemeinde",4,5,1,3,3,5,3,4,3,3,3,5,5,1,1,3,2,1,3,1,1,5,1,2,2,3,3,1,5,5
198,"Technik",1,23,"grosse Stadt",2,3,3,2,3,1,5,3,3,3,3,4,2,1,1,1,1,3,3,3,3,3,3,3,2,3,3,2,3,5
199,"Technik",1,22,"Landgemeinde",2,3,2,2,2,5,1,3,4,1,1,4,4,1,1,2,1,1,4,1,1,5,1,3,2,2,2,1,4,2
200,"Technik",1,23,"Landgemeinde",1,4,2,2,4,4,3,1,3,2,1,1,4,1,1,1,1,2,2,1,1,5,1,2,1,2,4,2,5,5
201,"Unbekannt",0,24,"kleine Stadt",1,5,1,1,4,2,4,1,4,5,5,5,5,1,1,1,1,1,1,4,2,4,2,2,3,3,4,3,4,2
202,"MBI",1,29,"Landgemeinde",1,4,2,2,4,4,3,2,2,1,1,4,4,1,1,1,1,2,4,1,1,5,1,2,1,1,2,4,4,5
203,"MBI",0,21,"Landgemeinde",3,2,4,4,2,2,2,2,2,1,2,4,4,1,1,1,1,1,2,2,1,5,2,2,2,3,4,2,4,2
204,"MBI",0,22,"Landgemeinde",1,4,2,3,3,4,2,1,1,1,1,4,5,1,1,1,1,2,5,2,1,5,1,1,1,1,1,2,5,1
205,"MBI",1,22,"grosse Stadt",4,4,4,3,2,1,3,4,5,4,4,4,5,1,1,4,2,1,1,5,3,3,3,4,4,5,5,2,5,5
206,"MBI",1,24,"Landgemeinde",4,4,2,3,3,1,2,2,3,1,1,2,4,1,1,2,1,2,4,2,1,5,1,2,1,1,2,1,4,5
207,"MBI",1,22,"Landgemeinde",4,3,3,4,2,2,3,2,3,2,3,5,5,2,2,3,2,2,3,1,2,5,2,2,2,3,3,2,5,4
208,"MBI",1,24,"kleine Stadt",4,5,3,2,4,1,2,3,2,1,2,5,3,1,1,2,1,1,4,2,1,5,1,2,1,3,2,2,4,3
209,"MBI",0,21,"Landgemeinde",2,4,2,3,3,1,4,4,5,4,4,5,5,1,1,1,1,2,3,2,2,4,4,2,3,4,2,2,5,5
210,"MBI",0,20,"kleine Stadt",4,4,2,2,4,2,2,3,4,1,2,5,5,1,1,2,1,1,1,1,1,5,1,2,1,2,4,1,5,1
211,"MBI",0,23,"kleine Stadt",2,4,2,2,4,3,2,2,3,1,2,3,4,1,1,2,1,1,2,3,1,4,1,1,2,2,4,1,5,5
212,"MBI",0,22,"grosse Stadt",3,5,2,2,4,3,1,2,2,1,1,4,2,1,1,1,1,1,1,1,1,5,1,1,1,1,4,1,5,4
213,"MBI",1,23,"Landgemeinde",4,5,1,4,2,4,1,1,1,1,1,4,1,1,1,1,1,1,1,1,1,5,1,1,2,1,5,1,5,5
214,"MBI",1,23,"kleine Stadt",1,5,1,1,4,1,2,1,5,1,1,5,5,1,1,1,1,1,5,1,1,5,1,1,1,1,1,1,5,5
215,"MBI",1,26,"Landgemeinde",2,4,2,3,3,2,1,2,4,1,1,4,4,1,1,1,1,2,2,4,1,5,2,3,3,2,4,2,3,5
216,"MBI",1,26,"kleine Stadt",1,5,1,2,4,2,3,3,4,1,2,5,5,1,1,1,1,1,4,1,2,5,2,1,4,2,1,1,5,3
217,"MBI",0,21,"Landgemeinde",1,5,5,5,5,5,5,5,5,5,5,5,5,5,5,5,5,5,5,5,5,5,5,5,5,5,5,5,5,5
218,"MBI",0,21,"Landgemeinde",2,2,3,4,2,2,3,3,5,1,2,5,5,1,1,2,4,2,4,4,2,5,2,4,2,2,2,2,4,5
219,"MBI",1,22,"Landgemeinde",1,4,2,4,2,4,3,2,1,1,1,2,4,1,1,1,3,3,5,2,1,5,2,2,1,2,1,1,4,4
220,"MBI",1,21,"Landgemeinde",4,2,2,3,3,2,4,1,3,2,2,5,5,1,1,1,1,1,5,1,1,5,1,1,2,2,5,1,2,5
221,"MBI",1,23,"kleine Stadt",2,5,1,2,4,2,1,1,1,1,2,5,5,1,1,1,5,4,5,2,1,5,1,1,4,1,2,2,5,5
222,"MBI",0,21,"Landgemeinde",2,4,2,2,2,4,2,4,2,1,2,5,5,1,1,1,1,1,3,4,1,4,2,2,1,2,3,2,4,5
223,"MBI",1,21,"Landgemeinde",4,4,2,1,5,2,3,2,3,1,4,4,5,1,1,1,1,4,5,1,1,5,1,1,2,2,2,2,4,5
224,"MBI",0,23,"Landgemeinde",1,4,3,1,3,4,4,2,5,1,1,5,4,1,1,5,1,1,4,1,1,5,1,2,2,1,2,2,4,5
225,"MBI",0,23,"Landgemeinde",3,4,2,4,2,5,1,3,4,1,2,4,4,1,1,3,1,1,3,3,1,5,1,2,1,1,2,1,5,3
226,"MBI",1,24,"Landgemeinde",1,3,1,5,1,4,1,1,1,1,3,2,5,1,1,1,1,1,5,1,1,5,1,1,5,1,1,1,1,5
227,"MBI",0,21,"Landgemeinde",4,5,2,3,3,3,2,1,1,1,1,5,5,1,1,2,1,1,3,2,1,5,2,3,5,1,1,1,5,5
228,"MBI",0,23,"kleine Stadt",2,4,3,2,4,2,1,2,4,2,3,5,5,1,1,3,1,1,3,1,1,5,1,1,1,2,1,2,5,5
229,"MBI",0,28,"kleine Stadt",1,5,1,3,3,1,1,1,3,1,1,5,4,1,1,5,1,1,1,1,1,5,1,1,3,1,1,1,5,5
230,"MBI",1,22,"Landgemeinde",2,5,2,1,5,2,1,2,3,1,1,4,4,1,1,1,1,1,4,2,1,5,1,1,1,2,1,2,5,4
231,"MBI",1,23,"Landgemeinde",4,2,4,2,4,4,1,1,1,1,1,1,1,1,1,4,2,2,5,1,1,4,1,2,1,1,1,2,2,2
232,"MBI",0,23,"Landgemeinde",3,4,2,2,4,2,2,1,5,2,2,2,5,2,2,1,1,4,5,1,2,5,2,2,2,4,3,4,5,5
233,"MBI",0,24,"grosse Stadt",3,5,2,1,4,1,2,3,3,2,2,5,4,1,1,1,1,1,2,2,1,5,1,2,2,2,4,2,5,4
234,"MBI",0,21,"Landgemeinde",4,4,2,1,5,2,3,1,5,2,2,5,5,1,1,2,1,1,3,3,2,4,3,2,2,2,4,2,5,3
235,"MBI",0,21,"Landgemeinde",5,4,2,3,3,2,2,3,4,3,4,5,5,3,3,3,2,2,3,3,2,4,2,2,3,3,3,3,5,5
236,"MBI",1,21,"Landgemeinde",1,5,1,2,4,2,1,1,5,1,1,5,2,1,1,1,1,1,5,2,1,5,1,2,5,2,1,2,4,3
237,"MBI",0,21,"kleine Stadt",5,4,2,2,4,2,2,3,3,1,2,4,5,2,2,3,2,2,4,1,1,5,2,3,3,1,2,1,5,4
252,"MBI",1,23,"grosse Stadt",2,3,4,3,4,4,5,4,4,4,4,4,4,5,5,5,5,3,3,4,5,1,4,5,4,4,4,4,1,1
253,"MBI/B",0,22,"Landgemeinde",1,1,5,5,2,1,4,5,1,5,5,1,4,5,5,3,5,5,2,5,5,1,5,2,4,4,5,4,1,5
254,"MBI/M",1,24,"Landgemeinde",3,2,4,4,3,1,3,4,2,5,5,2,2,5,5,4,4,4,2,3,5,1,5,4,4,5,5,5,2,3
255,"MBI/B",1,23,"Landgemeinde",1,2,4,4,2,3,5,5,4,5,5,2,3,5,5,5,5,3,2,5,4,1,4,4,4,5,4,5,1,2
256,"MBI",0,21,"Landgemeinde",2,3,3,3,3,4,3,3,3,4,2,1,1,4,4,1,5,5,5,4,3,2,5,3,1,1,4,2,1,2
257,"MBI",0,21,"kleine Stadt",1,2,4,2,4,2,4,4,2,4,4,2,1,5,4,3,5,4,3,4,4,1,4,4,3,4,4,4,1,3
285,"Wirtschaft",1,27,"kleine Stadt",2,4,1,5,1,3,3,1,1,1,1,4,3,1,1,1,1,4,5,1,1,5,2,2,1,2,2,2,4,5
286,"MC",1,23,"Landgemeinde",2,5,4,1,4,1,2,1,2,1,1,2,3,1,1,4,1,3,4,1,1,5,1,3,2,1,1,1,5,4
287,"Technik",1,25,"Landgemeinde",4,2,3,1,4,3,3,2,3,3,3,2,3,2,2,2,1,2,4,2,2,5,2,1,2,2,2,2,4,4
288,"MC",1,23,"grosse Stadt",3,1,2,2,5,3,2,2,3,1,1,5,5,1,1,1,1,2,4,1,1,5,1,1,2,2,1,2,4,5
289,"MC",1,23,"Landgemeinde",4,5,1,3,3,3,3,4,3,3,3,5,5,1,1,3,2,1,3,1,1,5,1,2,3,2,1,3,5,5
290,"SE",1,23,"grosse Stadt",2,3,3,2,3,1,5,3,3,3,3,4,2,1,1,1,1,3,3,3,3,3,3,3,3,2,2,3,3,5
291,"MC",1,22,"Landgemeinde",2,3,2,2,2,3,1,3,4,1,1,4,4,1,1,2,1,1,4,1,1,5,1,3,2,2,1,2,4,2
292,"SE",1,23,"Landgemeinde",1,4,2,2,4,4,3,1,3,2,1,1,4,1,1,1,1,2,2,1,1,5,1,2,4,1,2,2,5,5
293,"PM",0,24,"kleine Stadt",1,5,1,1,4,2,4,1,4,5,5,5,5,1,1,1,1,1,1,4,2,4,2,2,4,3,3,3,4,2
294,"MC",1,23,"Landgemeinde",1,4,2,1,2,1,2,1,1,1,1,2,5,1,1,1,1,1,3,1,2,4,2,2,3,1,1,1,5,5
295,"Unbekannt",1,53,"Landgemeinde",4,3,3,3,2,3,2,2,4,1,1,1,4,2,2,2,3,1,2,3,2,4,2,2,2,2,4,2,4,2
296,"LTE",1,23,"Landgemeinde",2,4,3,3,3,3,1,2,1,1,2,2,3,1,1,1,1,2,4,1,1,4,3,2,2,1,2,1,3,4
297,"LTE",0,21,"Landgemeinde",2,2,4,2,4,2,4,1,2,2,2,5,4,2,2,2,1,1,3,3,1,4,2,2,1,2,2,1,4,5
298,"Unbekannt",1,27,"grosse Stadt",1,3,3,3,3,5,1,1,5,3,1,4,3,3,3,3,3,3,5,1,1,5,1,3,3,1,1,1,5,3
299,"LTE",1,29,"Landgemeinde",3,3,2,1,5,1,4,3,3,1,1,2,5,2,2,5,2,1,1,2,2,4,5,4,1,2,4,1,4,5
300,"PM",1,44,"grosse Stadt",3,4,2,2,3,1,2,1,3,2,3,4,4,1,1,1,1,3,4,2,2,4,3,3,4,3,3,3,4,3
301,"HCC",0,38,"kleine Stadt",4,4,3,1,5,2,4,1,3,2,2,5,5,4,4,4,1,1,2,2,2,5,1,1,3,2,3,2,4,2
302,"MBI",0,21,"Landgemeinde",2,1,4,4,2,3,2,2,4,5,5,1,1,5,4,4,5,4,3,4,3,1,5,5,4,5,5,4,1,2
303,"MBI/B",0,21,"Landgemeinde",2,1,4,5,1,3,3,3,2,4,4,1,4,5,5,5,5,4,2,4,5,1,5,4,4,4,3,4,1,5
304,"MBI",0,25,"Landgemeinde",1,1,5,4,2,2,4,5,1,4,2,1,1,5,5,5,5,5,5,5,5,1,5,5,5,5,1,5,1,1
305,"MBI",0,21,"Landgemeinde",3,2,4,4,3,2,3,5,2,4,3,2,1,4,4,3,5,4,3,4,5,1,3,3,5,3,3,4,2,3
306,"MBI/B",0,22,"Landgemeinde",3,3,3,3,3,4,5,3,3,4,4,1,1,5,5,5,5,4,5,3,5,1,5,5,4,4,2,5,1,1
307,"MBI",0,22,"kleine Stadt",3,2,4,4,2,5,4,4,5,5,5,2,2,5,5,4,5,3,1,3,5,2,5,4,4,4,4,4,1,2
308,"MBI",1,25,"Landgemeinde",3,3,3,3,3,2,3,2,1,4,4,1,1,1,1,1,1,1,1,1,4,2,4,2,1,1,4,4,1,1
309,"MBI",1,25,"Landgemeinde",2,1,3,4,4,4,3,5,4,4,4,4,4,3,3,4,5,5,4,5,5,1,4,4,5,5,1,2,1,1
310,"MBI/B",1,23,"Landgemeinde",1,2,4,4,3,3,5,4,2,4,4,1,2,5,5,5,5,5,2,4,5,1,4,1,5,4,4,5,2,2
311,"MBI/M",0,21,"kleine Stadt",4,2,3,3,2,2,2,4,1,3,3,1,1,5,5,5,4,5,4,5,4,1,5,4,3,4,2,4,1,3
312,"MBI/B",0,31,"Landgemeinde",3,3,4,1,4,1,4,5,2,4,4,1,1,5,5,4,5,4,3,4,5,1,3,5,4,3,4,4,1,2
313,"MBI",0,21,"kleine Stadt",2,2,4,5,1,2,4,5,2,5,5,1,1,5,5,4,5,4,3,4,5,1,5,4,5,5,3,2,1,4
314,"MBI/B",1,27,"Landgemeinde",1,3,4,4,3,4,4,5,5,5,5,2,1,5,5,5,5,4,2,1,5,1,5,5,4,4,4,4,3,2
315,"MBI",0,22,"Landgemeinde",3,2,4,4,2,2,2,5,1,5,4,1,1,5,5,4,5,5,4,5,5,1,4,5,5,1,4,4,1,2
316,"MBI/B",1,21,"grosse Stadt",2,3,3,3,1,2,4,4,1,4,2,1,1,5,5,5,5,5,4,2,4,2,3,4,1,4,1,4,1,2
317,"MBI/B",1,23,"Landgemeinde",3,2,4,4,4,5,4,2,5,5,4,1,1,5,5,1,5,5,1,5,5,1,5,5,4,4,4,4,1,1
318,"MBI/M",1,22,"kleine Stadt",2,3,3,4,2,4,3,3,3,4,4,4,2,5,5,5,5,5,5,3,3,1,4,5,3,3,3,3,3,3
319,"MBI/B",1,23,"Landgemeinde",1,2,4,4,2,2,3,3,1,5,5,4,4,5,5,5,5,2,2,3,5,1,3,5,5,4,4,4,1,2
320,"MBI",1,23,"grosse Stadt",2,3,4,3,4,4,3,4,4,5,5,1,3,5,5,3,5,4,1,2,4,2,3,5,4,4,5,5,3,2
321,"MBI/B",1,22,"kleine Stadt",1,1,3,4,2,4,3,4,3,4,3,1,1,5,5,1,5,5,4,4,5,1,4,2,4,4,2,5,2,5
322,"MBI",1,25,"Landgemeinde",2,1,4,4,4,3,4,4,4,5,5,4,4,5,5,4,5,5,5,4,4,1,4,5,2,5,3,4,1,1
323,"MBI/M",0,21,"kleine Stadt",3,1,4,4,2,2,5,4,2,4,2,1,3,5,5,4,5,5,1,4,4,2,4,4,1,4,4,4,2,2
324,"MBI/B",0,27,"Landgemeinde",2,1,4,4,2,3,2,2,2,5,3,1,1,5,4,4,5,5,4,4,5,1,5,4,4,4,1,1,1,3
325,"MBI/B",0,30,"kleine Stadt",1,1,4,4,1,2,2,5,3,4,5,3,1,4,4,4,5,4,3,3,5,1,5,5,5,5,2,5,3,1
