Jahr;Quartal;MwSt;Vermoegen;Est;SVA;Sonst
2001;Q1;4318.58;654.56;6911.6;7248.68;471.5
2001;Q2;4286.19;1096.65;7295.71;8131.21;444.88
2001;Q3;4263.89;606.29;7908.47;7573.21;507.16
2001;Q4;4364.58;884.81;10444.45;8890.64;278.41
2002;Q1;4461.97;648.86;6998;6985.33;416.82
2002;Q2;4428.57;954.44;7030.36;8047.66;351.12
2002;Q3;4430.73;631.19;7010.62;8332.33;506.93
2002;Q4;4613.2;1061.03;9924.83;8964.1;481.05
2003;Q1;4556.51;598.29;6788.36;7335.09;476.59
2003;Q2;4488.92;977.24;7098.34;8790.31;453.82
2003;Q3;4404.51;560.56;7392.37;7999.33;686.53
2003;Q4;4420.92;1238.48;9960.33;9014.36;288.9
2004;Q1;4525.79;647.84;6768.87;7756.81;517.32
2004;Q2;4547.8;812.78;7171.24;9069.63;418.02
2004;Q3;4643.25;662.66;7842.56;8235.22;735.63
2004;Q4;4836.25;1011.51;10349.26;9399.85;521.24
2005;Q1;4775.33;761.48;6994.23;8095.39;627.9
2005;Q2;4738.95;1201.92;7005.06;9456.1;825.98
2005;Q3;4792.78;623.78;7769.36;8499.27;347.24
2005;Q4;5060.68;994.8;10604.35;9780.16;384.92
2006;Q1;4910.35;659.69;6618.44;8381.82;663.31
2006;Q2;4883.41;1344.74;7858.68;9757.87;832.56
2006;Q3;4933.3;747.32;8427.5;9045.8;423.09
2006;Q4;4960.66;868.99;11030.48;10195.32;369.66
2007;Q1;5172.75;838.08;7454.63;8880.97;564.07
2007;Q2;5387.9;1314.3;8445.7;10270.8;519.37
2007;Q3;5099.44;737.9;8868.14;9214.5;397.35
2007;Q4;5276.72;1275.23;12530.1;10634.22;585.94
2008;Q1;5332.73;801.84;8151.65;9225.7;167.18
2008;Q2;5461.79;1125.5;9061.57;10856.23;504.19
2008;Q3;5528.37;650.36;9562.99;9773.23;603.26
2008;Q4;5530.98;986.22;13508.6;10901.65;836.88
2009;Q1;5403.84;427.89;7982.55;9438.06;159.2
2009;Q2;5405.24;929.78;7684.59;10932.45;980.45
2009;Q3;5596.76;1266.11;8314.04;9761.06;739.16
2009;Q4;5679.33;1564.03;11935.69;11134.86;241.07
2010;Q1;5602.28;651.89;7292.42;9461.91;461.72
2010;Q2;5612.16;1375.25;8751.54;11182.01;666.51
2010;Q3;5639.2;940.51;9049;9876.21;776.57
2010;Q4;5821.37;1055.79;12052.2;11582.33;636.86
2011;Q1;5828.87;642;7838.83;9817.69;494.2
2011;Q2;5787.73;1400.42;9085.41;11638.36;934.43
2011;Q3;5788.98;861.59;9684.39;10531.27;716.51
2011;Q4;6013.07;1164.4;12580.35;12049.34;463.71
2012;Q1;6155.58;608.57;8249.79;10180.22;595.29
2012;Q2;6151.98;1289;9716.21;12174.01;966.31
2012;Q3;6233.14;815.51;9750.91;10838.14;745.06
2012;Q4;5968.69;1125.58;13557.16;12418.14;790.45
2013;Q1;6254.97;611.67;8723.36;10573.22;782.2
2013;Q2;6120.07;1124.41;9966.31;12775.13;880.34
2013;Q3;6130.08;1021.69;10572.87;11323.25;852.35
2013;Q4;6370.27;975.16;13883.48;12867.24;615.93
2014;Q1;6333.83;557.28;9474.85;10979.92;553.76
2014;Q2;6285.06;922.84;10771.83;12976.34;1194.8
2014;Q3;6269.59;996.54;11188.03;11555.01;1069.34
2014;Q4;6483.84;1115.78;13926.91;13561.8;495.1
2015;Q1;6498.06;596.47;10195.65;11386.53;646.43
2015;Q2;6485.33;1085.03;11250.88;13501.12;922.19
2015;Q3;6533.82;720.98;11934.57;12042.3;881.43
2015;Q4;6717.67;1019.12;15108.4;13770.1;1104.36
2016;Q1;6764.31;611.66;9244.33;11821.03;870.41
2016;Q2;6757.86;1215.56;10432.79;13984.85;889.09
2016;Q3;6768.31;604.87;12071.22;12764.49;888.12
2016;Q4;7031.66;927.83;13737.2;14011.68;1054.77
2017;Q1;7036.89;729.36;9791.99;12299.15;868.67
2017;Q2;7000.2;931.13;11449.8;14503.42;786.9
2017;Q3;7049.37;574.55;12142.94;13012.59;1210.54
2017;Q4;7221.21;900.03;14282.3;14868.11;702.18
2018;Q1;7304;598.04;10806.92;12878.74;698.31
2018;Q2;7234.02;1315.38;12254.51;15400.81;838.75
2018;Q3;7305.81;541.96;13076.85;13600.93;1006.59
2018;Q4;7443.48;781.57;15616.02;15579.46;1170.16
2019;Q1;7528.49;543.35;11197.28;13572.71;648.54
2019;Q2;7502.55;1038.93;13031.79;15936.17;989.88
2019;Q3;7539.05;656.17;13541.8;14306.68;1069.21
2019;Q4;7817.36;688.27;16222.75;16089.63;1143.51
2020;Q1;7275.76;415.57;11572.29;13957.43;710.13
2020;Q2;6374.49;1013.96;10321.23;15282.69;960.9
2020;Q3;7165.5;571.4;11620.45;14371.49;935.06
2020;Q4;7352.99;821.77;15154.14;16287.24;1289.65
2021;Q1;6839.45;423.28;10396.83;14096.91;1101.19
2021;Q2;7685.5;1121.86;13676.32;16636.28;1044
2021;Q3;7787.74;720.24;14189.82;15082.29;1246.12
2021;Q4;8308.8;574.1;17865.92;17371.63;1093.98
2022;Q1;7721.22;409.75;13128.42;15173.03;1484.41
2022;Q2;9319.14;1170.45;15459.31;17752.23;1696.11
2022;Q3;9052.05;719.98;15919.55;15840.62;1218.78
2022;Q4;9404.06;741.04;19595.77;18045.39;347.5
2023;Q1;9381.1;544.38;12782.04;16260.87;981.16
2023;Q2;9344.77;2291.01;15767.25;19138.34;1369.02
2023;Q3;9491.67;692.02;16140;17015.8;1040.96
2023;Q4;9673.59;1239.67;21329.01;19328.4;1178.01
