ID;Einkommen;Erfahrung;Geschlecht
124;1450;1;Frau
121;1540;1;Frau
148;1560;1;Frau
147;1590;1;Frau
123;1670;1;Frau
144;1670;1;Frau
141;1690;1;Frau
129;1710;1;Frau
143;1900;1;Frau
125;1970;1;Frau
130;2170;1;Frau
122;2220;1;Frau
134;2430;1;Frau
149;2470;1;Frau
128;2540;1;Frau
137;2790;1;Frau
133;2820;1;Frau
140;2950;1;Frau
145;3090;1;Frau
127;3090;1;Frau
131;3120;1;Frau
135;3190;1;Frau
132;3050;1;Frau
138;3070;1;Frau
146;3080;1;Frau
126;3000;1;Frau
136;3010;1;Frau
139;3020;1;Frau
142;3020;1;Frau
228;1860;1;Mann
231;1870;1;Mann
232;1900;1;Mann
218;1920;1;Mann
223;1950;1;Mann
227;1950;1;Mann
221;2000;1;Mann
230;2050;1;Mann
233;2060;1;Mann
211;2160;1;Mann
212;2210;1;Mann
237;2360;1;Mann
236;2550;1;Mann
215;2560;1;Mann
210;3060;1;Mann
222;3100;1;Mann
224;3200;1;Mann
229;3240;1;Mann
240;3400;1;Mann
239;3460;1;Mann
216;3560;1;Mann
225;3680;1;Mann
238;3700;1;Mann
214;3760;1;Mann
220;3760;1;Mann
219;3830;1;Mann
226;3860;1;Mann
217;3800;1;Mann
235;3780;1;Mann
213;3880;1;Mann
234;3840;1;Mann
170;1450;2;Frau
151;1770;2;Frau
162;1790;2;Frau
172;1940;2;Frau
166;1990;2;Frau
157;2010;2;Frau
173;2350;2;Frau
159;2550;2;Frau
164;2650;2;Frau
154;2690;2;Frau
161;2690;2;Frau
168;2710;2;Frau
78;2770;2;Frau
150;2810;2;Frau
58;2870;2;Frau
158;3310;2;Frau
163;3520;2;Frau
156;3540;2;Frau
165;3550;2;Frau
155;3860;2;Frau
160;3900;2;Frau
169;3470;2;Frau
152;3540;2;Frau
153;4590;3;Frau
167;4650;3;Frau
171;4730;3;Frau
30;3250;2;Mann
52;3290;2;Mann
49;3030;2;Mann
44;3100;2;Mann
42;3130;2;Mann
31;3170;2;Mann
177;3180;2;Mann
178;3180;2;Mann
35;2980;2;Mann
47;2800;2;Mann
53;2880;2;Mann
37;2900;2;Mann
33;2910;2;Mann
50;2950;2;Mann
32;3020;2;Mann
38;3120;2;Mann
40;3150;2;Mann
34;3280;2;Mann
4;3860;2;Mann
36;4160;2;Mann
46;4160;2;Mann
15;4430;2;Mann
45;4540;2;Mann
39;4570;2;Mann
48;4650;2;Mann
43;4600;2;Mann
51;4670;2;Mann
41;4600;2;Mann
13;1800;2;Frau
28;1580;2;Frau
17;1710;2;Frau
2;1720;2;Frau
21;1640;2;Frau
23;1920;2;Frau
12;1970;2;Frau
20;2060;2;Frau
89;2080;2;Frau
5;2220;2;Frau
26;2230;2;Frau
176;2270;2;Frau
16;2480;3;Frau
59;2740;3;Frau
9;2880;3;Frau
186;2910;3;Frau
6;3210;3;Frau
18;3250;3;Frau
63;3300;3;Frau
14;3470;3;Frau
174;3500;3;Frau
24;3540;3;Frau
1;3590;3;Frau
10;3590;3;Frau
60;3670;3;Frau
19;4190;3;Frau
3;4300;3;Frau
7;4320;3;Frau
22;4370;3;Frau
29;4370;3;Frau
66;4470;3;Frau
25;4070;3;Frau
8;4090;4;Frau
11;4100;4;Frau
27;4100;4;Frau
76;4260;3;Mann
65;4290;3;Mann
64;3960;3;Mann
83;3600;3;Mann
182;3900;3;Mann
183;3680;3;Mann
62;3900;3;Mann
175;2440;3;Mann
88;2460;3;Mann
71;2500;3;Mann
81;2530;3;Mann
84;2560;3;Mann
61;3030;3;Mann
55;3050;3;Mann
82;3200;3;Mann
185;3300;3;Mann
68;3410;3;Mann
77;3410;3;Mann
187;3420;3;Mann
74;3610;3;Mann
85;3620;3;Mann
181;3970;3;Mann
79;4150;3;Mann
56;4160;3;Mann
70;4180;3;Mann
67;4230;3;Mann
179;4370;3;Mann
184;4640;3;Mann
80;4870;3;Mann
57;4930;3;Mann
72;5060;3;Mann
69;5070;3;Mann
54;5120;3;Mann
86;5140;3;Mann
180;5200;3;Mann
193;2700;3;Frau
204;2800;3;Frau
205;2500;3;Frau
195;2900;4;Frau
188;2970;4;Frau
206;3170;4;Frau
103;3240;4;Frau
190;3270;4;Frau
200;3360;4;Frau
198;3450;4;Frau
117;3470;4;Frau
191;3500;4;Frau
207;3620;4;Frau
197;3670;4;Frau
202;3700;4;Frau
196;3880;4;Frau
199;4450;4;Frau
75;4550;4;Frau
73;4560;4;Frau
87;4560;4;Frau
194;4590;4;Frau
209;4600;4;Frau
189;4600;4;Frau
116;3000;4;Mann
90;3100;4;Mann
97;3200;4;Mann
106;3220;4;Mann
108;3220;4;Mann
93;3250;4;Mann
100;3250;4;Mann
104;3280;4;Mann
110;3430;4;Mann
92;3610;4;Mann
115;3630;4;Mann
120;3650;4;Mann
111;3870;4;Mann
118;3960;4;Mann
114;4160;4;Mann
91;4200;4;Mann
102;4400;4;Mann
112;4490;4;Mann
96;4500;4;Mann
99;4510;4;Mann
107;4510;4;Mann
119;4560;4;Mann
109;4800;4;Mann
105;4890;4;Mann
94;4940;4;Mann
201;5080;4;Mann
98;5190;4;Mann
95;5200;4;Mann
203;5230;4;Mann
208;5280;4;Mann
192;5320;4;Mann
113;5480;4;Mann
101;5560;4;Mann
