sex;age;klasse;bundesl;repclas;WSRW;kabc
1;8;3;1;0;19;9
0;9;3;1;0;15;12
1;9;3;1;0;21;14
0;10;3;1;1;23;12
1;8;3;1;0;25;10
1;8;3;1;0;28;13
0;9;3;1;0;28;14
1;9;3;1;0;24;18
1;8;3;1;0;24;15
0;8;3;1;0;20;10
0;9;3;1;0;24;9
1;9;3;1;0;24;11
1;9;3;1;1;27;12
1;8;3;1;0;28;16
1;8;3;1;0;24;14
1;8;3;1;0;27;9
1;8;3;1;0;27;14
1;8;3;1;0;24;12
0;8;3;1;0;21;8
0;8;3;1;0;21;12
0;8;3;1;0;24;9
1;8;3;1;0;28;13
0;9;3;1;0;26;12
1;8;3;1;0;21;13
1;8;3;1;0;25;11
0;8;3;1;0;23;14
0;9;3;1;0;25;10
0;8;3;1;0;24;9
0;8;3;1;0;25;17
1;8;3;1;0;20;9
1;8;3;2;0;27;8
0;9;3;2;0;29;12
1;9;3;2;0;23;13
1;9;3;2;0;26;14
0;8;3;2;0;27;15
1;9;3;2;0;24;11
1;9;3;2;0;23;7
0;9;3;2;0;22;14
1;9;3;2;0;22;11
1;9;3;2;0;25;10
1;8;3;2;0;26;13
0;9;3;2;0;23;12
0;9;3;2;0;25;11
0;9;3;2;0;28;12
0;9;3;2;0;26;13
1;8;3;2;0;27;12
1;9;3;2;0;23;12
0;9;3;2;0;28;9
0;9;3;2;0;26;12
0;8;3;2;0;24;14
0;8;3;2;0;24;8
0;8;3;2;0;22;7
0;9;3;2;0;24;12
1;8;3;2;0;22;12
1;9;3;2;0;29;12
1;9;3;2;0;25;11
1;10;5;1; ;29;8
1;10;5;1;0;30;13
1;11;5;1;0;26;10
1;11;5;1;0;30;9
0;10;5;1;0;29;15
0;11;5;1;0;25;13
0;11;5;1;0;29;8
1;11;5;1;0;30;13
1;11;5;1;0;29;9
1;10;5;1;0;28;17
1;11;5;1;0;29;18
1;10;5;1;0;27;12
1;11;5;1;0;30;15
1;10;5;1;0;27;9
1;12;5;1;1;27;16
1;11;5;1;0;30;14
1;10;5;1;0;29;12
1;11;5;1;0;30;13
0;10;5;1;0;28;15
0;10;5;1;0;29;13
1;10;5;1;0;28;13
1;12;5;1;1;28;16
0;10;5;1;0;28;13
0;10;5;1;0;21;10
1;10;5;1;0;30;12
1;11;5;1;0;29;13
1;10;5;1;0;30;14
1;12;5;1;1;29;12
1;12;5;2;0;24;8
1;11;5;2;0;24;11
1;10;5;2;0;25;13
1;11;5;2;0;30;13
0;11;5;2;0;28;9
1;10;5;2;0;30;13
1;11;5;2;1;27;11
1;12;5;2;1;25;8
0;12;5;2;0;29;11
0;12;5;2;0;29;13
0;11;5;2;0;28;14
1;10;5;2;0;29;17
1;10;5;2;0;30;14
1;11;5;2;0;23;16
1;10;5;2;0;20;13
0;10;5;2;0;24;14
1;10;5;2;0;27;13
1;12;5;2;0;27;16
1;11;5;2;0;29;12
1;11;5;2;0;25;14
0;12;5;2;0;30;13
1;10;5;2;0;27;16
1;11;5;2;0;27;14
1;11;5;2;0;27;16
1;13;5;2;1;27;13
1;11;5;2;1;30;11
1;14;7;1;1;29;13
1;12;7;1;0;28;13
1;12;7;1;0;27;12
1;12;7;1;0;28;15
1;12;7;1;0;30;13
1;13;7;1;0;28;12
1;12;7;1;0;29;9
1;13;7;1;1;30;14
1;12;7;1;0;29;16
0;13;7;1;0;30;17
1;12;7;1;0;26;11
0;12;7;1;0;27;12
0;12;7;1;0;29;17
1;13;7;1;0;27;13
0;12;7;1;0;30;18
0;12;7;1;0;30;13
0;13;7;1;0;28;8
0;12;7;1;0;29;14
1;12;7;1;0;30;8
0;15;7;2;1;29;13
0;13;7;2;1;29;15
0;13;7;2;1;27;11
0;14;7;2;0;28;17
1;16;7;2;1;27;11
1;13;7;2;0;25;13
1;14;7;2;0;27;14
1;13;7;2;1;25;16
0;14;7;2;1;26;12
1;12;7;2;0;28;19
1;14;7;2;0;28;10
1;13;7;2;1;26;9
0;13;7;2;1;15;12
1;13;7;2;0;28;15
1;13;7;2;0;30;12
1;13;7;2;0;28;13
0;13;7;2;0;29;11
1;12;7;2;0;29;18
0;15;7;2;1;23;8
1;12;7;2;0;30;13
