LocationID;;AgeOfStore;Promotion;Week;Sales
3;373;12;1;1;44540
3;373;12;1;2;37940
3;373;12;1;3;45490
3;373;12;1;4;46050
7;253;15;1;1;42920
7;253;15;1;2;42160
7;253;15;1;3;51720
7;253;15;1;4;47170
9;339;6;1;1;37410
9;339;6;1;2;38640
9;339;6;1;3;40900
9;339;6;1;4;39810
12;285;12;1;1;35850
12;285;12;1;2;36240
12;285;12;1;3;41730
12;285;12;1;4;35220
13;272;12;1;1;50480
13;272;12;1;2;36880
13;272;12;1;3;35680
13;272;12;1;4;43450
101;180;22;1;1;67480
101;180;22;1;2;65570
101;180;22;1;3;68420
101;180;22;1;4;65830
202;642;8;1;1;88730
202;642;8;1;2;85210
202;642;8;1;3;81550
202;642;8;1;4;91470
209;890;1;1;1;93710
209;890;1;1;2;96010
209;890;1;1;3;93030
209;890;1;1;4;97210
210;818;19;1;1;85110
210;818;19;1;2;88070
210;818;19;1;3;94430
210;818;19;1;4;89340
214;618;5;1;1;91600
214;618;5;1;2;80610
214;618;5;1;3;93860
214;618;5;1;4;93430
218;507;2;1;1;99650
218;507;2;1;2;98640
218;507;2;1;3;96960
218;507;2;1;4;98850
220;734;3;1;1;87080
220;734;3;1;2;89320
220;734;3;1;3;99120
220;734;3;1;4;95850
222;415;6;1;1;93320
222;415;6;1;2;85710
222;415;6;1;3;77360
222;415;6;1;4;93290
303;73;9;1;1;55940
303;73;9;1;2;61360
303;73;9;1;3;56190
303;73;9;1;4;56060
304;87;3;1;1;54010
304;87;3;1;2;63480
304;87;3;1;3;61960
304;87;3;1;4;55300
306;126;13;1;1;53790
306;126;13;1;2;66960
306;126;13;1;3;57100
306;126;13;1;4;56120
309;34;8;1;1;62160
309;34;8;1;2;54060
309;34;8;1;3;51720
309;34;8;1;4;57740
410;391;11;1;1;49950
410;391;11;1;2;55110
410;391;11;1;3;55280
410;391;11;1;4;54650
412;299;6;1;1;59340
412;299;6;1;2;62630
412;299;6;1;3;49080
412;299;6;1;4;57440
504;255;4;1;1;42160
504;255;4;1;2;36800
504;255;4;1;3;43980
504;255;4;1;4;44320
509;315;8;1;1;40460
509;315;8;1;2;41250
509;315;8;1;3;32050
509;315;8;1;4;44500
512;397;4;1;1;35300
512;397;4;1;2;35860
512;397;4;1;3;49300
512;397;4;1;4;40810
513;275;7;1;1;44980
513;275;7;1;2;41710
513;275;7;1;3;43100
513;275;7;1;4;45970
514;281;6;1;1;41100
514;281;6;1;2;41560
514;281;6;1;3;39390
514;281;6;1;4;41470
608;239;18;1;1;53380
608;239;18;1;2;55310
608;239;18;1;3;56100
608;239;18;1;4;53240
609;224;9;1;1;48180
609;224;9;1;2;43110
609;224;9;1;3;43780
609;224;9;1;4;46500
610;335;4;1;1;53530
610;335;4;1;2;47920
610;335;4;1;3;56180
610;335;4;1;4;46660
613;236;18;1;1;42760
613;236;18;1;2;50520
613;236;18;1;3;48860
613;236;18;1;4;44510
702;268;13;1;1;51820
702;268;13;1;2;45020
702;268;13;1;3;49440
702;268;13;1;4;49880
703;287;4;1;1;52850
703;287;4;1;2;40840
703;287;4;1;3;64450
703;287;4;1;4;48430
704;377;27;1;1;56640
704;377;27;1;2;46060
704;377;27;1;3;55460
704;377;27;1;4;51410
707;207;5;1;1;56990
707;207;5;1;2;50570
707;207;5;1;3;50920
707;207;5;1;4;54520
711;249;1;1;1;54950
711;249;1;1;2;55780
711;249;1;1;3;46490
711;249;1;1;4;55840
801;213;3;1;1;65110
801;213;3;1;2;54380
801;213;3;1;3;57140
801;213;3;1;4;61910
804;374;1;1;1;50540
804;374;1;1;2;58430
804;374;1;1;3;59770
804;374;1;1;4;59440
810;266;13;1;1;49300
810;266;13;1;2;61800
810;266;13;1;3;58000
810;266;13;1;4;52100
902;901;1;1;1;61530
902;901;1;1;2;59170
902;901;1;1;3;63730
902;901;1;1;4;61770
909;914;1;1;1;58190
909;914;1;1;2;62720
909;914;1;1;3;66660
909;914;1;1;4;64360
910;420;1;1;1;66340
910;420;1;1;2;60590
910;420;1;1;3;61950
910;420;1;1;4;67340
913;521;24;1;1;62330
913;521;24;1;2;53680
913;521;24;1;3;62370
913;521;24;1;4;63280
915;901;3;1;1;53510
915;901;3;1;2;49760
915;901;3;1;3;68310
915;901;3;1;4;66100
918;731;6;1;1;49620
918;731;6;1;2;62540
918;731;6;1;3;50110
918;731;6;1;4;60630
919;435;2;1;1;59870
919;435;2;1;2;62990
919;435;2;1;3;57200
919;435;2;1;4;63540
2;241;5;2;1;27810
2;241;5;2;2;34670
2;241;5;2;3;27980
2;241;5;2;4;27720
4;245;1;2;1;39280
4;245;1;2;2;39800
4;245;1;2;3;34770
4;245;1;2;4;38980
5;390;10;2;1;30370
5;390;10;2;2;24820
5;390;10;2;3;37470
5;390;10;2;4;41350
8;269;10;2;1;30080
8;269;10;2;2;28620
8;269;10;2;3;25400
8;269;10;2;4;33260
10;398;5;2;1;34270
10;398;5;2;2;29300
10;398;5;2;3;33930
10;398;5;2;4;41960
204;614;1;2;1;87430
204;614;1;2;2;81790
204;614;1;2;3;88120
204;614;1;2;4;85290
211;405;13;2;1;88640
211;405;13;2;2;81370
211;405;13;2;3;82140
211;405;13;2;4;89640
213;504;4;2;1;73220
213;504;4;2;2;75880
213;504;4;2;3;78010
213;504;4;2;4;80170
215;687;7;2;1;82650
215;687;7;2;2;77390
215;687;7;2;3;80830
215;687;7;2;4;83750
219;886;7;2;1;66220
219;886;7;2;2;82860
219;886;7;2;3;83400
219;886;7;2;4;72610
221;715;23;2;1;79530
221;715;23;2;2;74030
221;715;23;2;3;78530
221;715;23;2;4;75710
301;153;1;2;1;49610
301;153;1;2;2;43690
301;153;1;2;3;54490
301;153;1;2;4;59250
305;65;2;2;1;47890
305;65;2;2;2;52370
305;65;2;2;3;49110
305;65;2;2;4;52880
307;97;7;2;1;46980
307;97;7;2;2;53410
307;97;7;2;3;36170
307;97;7;2;4;55980
308;158;28;2;1;51870
308;158;28;2;2;58010
308;158;28;2;3;47930
308;158;28;2;4;51330
402;396;25;2;1;40400
402;396;25;2;2;48280
402;396;25;2;3;47720
402;396;25;2;4;38300
403;342;19;2;1;51790
403;342;19;2;2;42560
403;342;19;2;3;44640
403;342;19;2;4;45110
404;293;8;2;1;42150
404;293;8;2;2;42590
404;293;8;2;3;49560
404;293;8;2;4;39250
405;322;4;2;1;48180
405;322;4;2;2;48250
405;322;4;2;3;46420
405;322;4;2;4;43770
406;368;3;2;1;45300
406;368;3;2;2;48840
406;368;3;2;3;45080
406;368;3;2;4;44670
408;318;9;2;1;47330
408;318;9;2;2;45420
408;318;9;2;3;44310
408;318;9;2;4;40260
409;298;14;2;1;43270
409;298;14;2;2;48330
409;298;14;2;3;44140
409;298;14;2;4;48500
413;262;1;2;1;46260
413;262;1;2;2;47710
413;262;1;2;3;54090
413;262;1;2;4;46890
502;291;19;2;1;31940
502;291;19;2;2;29640
502;291;19;2;3;33640
502;291;19;2;4;36050
503;358;2;2;1;36700
503;358;2;2;2;41530
503;358;2;2;3;27710
503;358;2;2;4;37200
505;275;1;2;1;32210
505;275;1;2;2;38410
505;275;1;2;3;37900
505;275;1;2;4;42840
506;254;12;2;1;37450
506;254;12;2;2;35460
506;254;12;2;3;31850
506;254;12;2;4;29260
507;331;5;2;1;38650
507;331;5;2;2;17340
507;331;5;2;3;33140
507;331;5;2;4;33440
510;393;7;2;1;32770
510;393;7;2;2;30260
510;393;7;2;3;27550
510;393;7;2;4;27370
603;322;4;2;1;40710
603;322;4;2;2;38260
603;322;4;2;3;41440
603;322;4;2;4;44700
607;389;3;2;1;49390
607;389;3;2;2;40250
607;389;3;2;3;42460
607;389;3;2;4;41620
614;327;8;2;1;38560
614;327;8;2;2;37290
614;327;8;2;3;35600
614;327;8;2;4;33350
615;357;1;2;1;48500
615;357;1;2;2;36800
615;357;1;2;3;48320
615;357;1;2;4;41540
708;377;15;2;1;32610
708;377;15;2;2;57270
708;377;15;2;3;37320
708;377;15;2;4;39220
709;291;1;2;1;39730
709;291;1;2;2;50300
709;291;1;2;3;40160
709;291;1;2;4;41370
802;273;9;2;1;48760
802;273;9;2;2;44140
802;273;9;2;3;58100
802;273;9;2;4;44160
807;389;1;2;1;46020
807;389;1;2;2;51090
807;389;1;2;3;51680
807;389;1;2;4;55910
901;843;7;2;1;53760
901;843;7;2;2;39360
901;843;7;2;3;47200
901;843;7;2;4;53660
904;947;10;2;1;51090
904;947;10;2;2;54820
904;947;10;2;3;44160
904;947;10;2;4;53950
906;577;13;2;1;51260
906;577;13;2;2;51730
906;577;13;2;3;51350
906;577;13;2;4;41850
907;884;10;2;1;45210
907;884;10;2;2;55020
907;884;10;2;3;45350
907;884;10;2;4;47060
908;594;3;2;1;43590
908;594;3;2;2;46030
908;594;3;2;3;47220
908;594;3;2;4;51410
911;515;1;2;1;55390
911;515;1;2;2;49160
911;515;1;2;3;58260
911;515;1;2;4;58120
912;703;6;2;1;49980
912;703;6;2;2;44840
912;703;6;2;3;55120
912;703;6;2;4;47360
914;692;9;2;1;44700
914;692;9;2;2;43440
914;692;9;2;3;52360
914;692;9;2;4;45900
916;571;7;2;1;43610
916;571;7;2;2;46200
916;571;7;2;3;51520
916;571;7;2;4;49710
920;444;14;2;1;50200
920;444;14;2;2;45750
920;444;14;2;3;44290
920;444;14;2;4;49410
1;205;4;3;1;33730
1;205;4;3;2;35670
1;205;4;3;3;29030
1;205;4;3;4;39250
6;317;10;3;1;32900
6;317;10;3;2;22180
6;317;10;3;3;42980
6;317;10;3;4;36680
11;300;5;3;1;33420
11;300;5;3;2;37930
11;300;5;3;3;33850
11;300;5;3;4;40250
102;51;8;3;1;61590
102;51;8;3;2;63640
102;51;8;3;3;54680
102;51;8;3;4;66240
103;64;22;3;1;62930
103;64;22;3;2;58770
103;64;22;3;3;70600
103;64;22;3;4;75060
104;186;19;3;1;59760
104;186;19;3;2;66110
104;186;19;3;3;62160
104;186;19;3;4;64040
105;39;8;3;1;59650
105;39;8;3;2;57040
105;39;8;3;3;59730
105;39;8;3;4;66720
106;140;5;3;1;58550
106;140;5;3;2;62190
106;140;5;3;3;53140
106;140;5;3;4;62270
201;562;4;3;1;86140
201;562;4;3;2;82560
201;562;4;3;3;79360
201;562;4;3;4;77170
203;744;12;3;1;89700
203;744;12;3;2;88430
203;744;12;3;3;88050
203;744;12;3;4;85180
205;984;19;3;1;83020
205;984;19;3;2;90300
205;984;19;3;3;85180
205;984;19;3;4;85770
206;800;11;3;1;82640
206;800;11;3;2;82890
206;800;11;3;3;82130
206;800;11;3;4;82910
207;440;1;3;1;87700
207;440;1;3;2;81160
207;440;1;3;3;81580
207;440;1;3;4;94210
208;758;1;3;1;96480
208;758;1;3;2;94130
208;758;1;3;3;96980
208;758;1;3;4;95720
212;705;3;3;1;84340
212;705;3;3;2;87900
212;705;3;3;3;86120
212;705;3;3;4;89720
216;611;4;3;1;94890
216;611;4;3;2;84750
216;611;4;3;3;93630
216;611;4;3;4;95820
217;658;5;3;1;91610
217;658;5;3;2;79020
217;658;5;3;3;86110
217;658;5;3;4;88880
302;138;7;3;1;51470
302;138;7;3;2;53470
302;138;7;3;3;46830
302;138;7;3;4;56700
401;365;5;3;1;52230
401;365;5;3;2;51680
401;365;5;3;3;56220
401;365;5;3;4;56030
407;396;6;3;1;45560
407;396;6;3;2;55190
407;396;6;3;3;37840
407;396;6;3;4;50070
411;304;23;3;1;50110
411;304;23;3;2;55590
411;304;23;3;3;54370
411;304;23;3;4;51910
414;399;1;3;1;57370
414;399;1;3;2;55530
414;399;1;3;3;51160
414;399;1;3;4;57060
415;337;12;3;1;50590
415;337;12;3;2;48640
415;337;12;3;3;50550
415;337;12;3;4;49080
501;359;6;3;1;24750
501;359;6;3;2;41470
501;359;6;3;3;35100
501;359;6;3;4;34330
508;384;5;3;1;37170
508;384;5;3;2;30520
508;384;5;3;3;32510
508;384;5;3;4;39120
511;381;24;3;1;47480
511;381;24;3;2;39410
511;381;24;3;3;43290
511;381;24;3;4;48590
515;200;8;3;1;34460
515;200;8;3;2;40130
515;200;8;3;3;32180
515;200;8;3;4;43730
601;354;7;3;1;49010
601;354;7;3;2;46290
601;354;7;3;3;47140
601;354;7;3;4;52820
602;326;4;3;1;47220
602;326;4;3;2;35240
602;326;4;3;3;47220
602;326;4;3;4;53150
604;361;11;3;1;40290
604;361;11;3;2;48350
604;361;11;3;3;43260
604;361;11;3;4;44200
605;280;8;3;1;46140
605;280;8;3;2;41120
605;280;8;3;3;45030
605;280;8;3;4;48850
606;288;8;3;1;41960
606;288;8;3;2;42270
606;288;8;3;3;38510
606;288;8;3;4;43510
611;290;11;3;1;40430
611;290;11;3;2;51150
611;290;11;3;3;42500
611;290;11;3;4;52760
612;387;1;3;1;47630
612;387;1;3;2;52210
612;387;1;3;3;40170
612;387;1;3;4;48360
701;397;1;3;1;53560
701;397;1;3;2;49720
701;397;1;3;3;48770
701;397;1;3;4;49840
705;250;22;3;1;49670
705;250;22;3;2;49980
705;250;22;3;3;49500
705;250;22;3;4;52350
706;325;17;3;1;50260
706;325;17;3;2;52050
706;325;17;3;3;51140
706;325;17;3;4;56300
710;282;24;3;1;54790
710;282;24;3;2;52390
710;282;24;3;3;52150
710;282;24;3;4;54630
712;314;9;3;1;48060
712;314;9;3;2;51090
712;314;9;3;3;44190
712;314;9;3;4;49520
803;318;10;3;1;44660
803;318;10;3;2;53780
803;318;10;3;3;43910
803;318;10;3;4;52410
805;394;6;3;1;50940
805;394;6;3;2;49380
805;394;6;3;3;63980
805;394;6;3;4;55840
806;222;5;3;1;51010
806;222;5;3;2;56160
806;222;5;3;3;55770
806;222;5;3;4;56470
808;246;20;3;1;55900
808;246;20;3;2;59800
808;246;20;3;3;60970
808;246;20;3;4;64140
809;349;9;3;1;39980
809;349;9;3;2;54580
809;349;9;3;3;52640
809;349;9;3;4;45430
903;718;7;3;1;51890
903;718;7;3;2;51170
903;718;7;3;3;54330
903;718;7;3;4;50050
905;672;2;3;1;54340
905;672;2;3;2;60240
905;672;2;3;3;56390
905;672;2;3;4;55330
917;918;14;3;1;53500
917;918;14;3;2;56340
917;918;14;3;3;51830
917;918;14;3;4;50200
