;zeit;stadt
74;60;1
60;70;1
72;300;1
53;80;1
67;85;1
12;95;1
64;100;1
68;290;1
50;110;1
13;115;1
71;115;1
24;125;1
81;130;1
5;145;1
26;145;1
54;145;1
16;150;1
44;155;1
28;165;1
19;170;1
46;170;1
41;180;1
6;180;1
73;180;1
27;215;1
42;215;1
47;215;1
59;215;1
36;220;1
22;220;1
77;230;1
66;230;1
76;235;1
89;235;1
18;235;1
2;235;1
25;240;1
75;250;1
3;260;1
11;265;1
32;265;1
58;270;1
86;270;1
90;290;1
56;340;1
83;360;1
62;350;1
80;400;1
87;410;1
61;450;1
85;20;2
84;30;2
51;40;2
70;45;2
8;55;2
14;65;2
30;65;2
37;75;2
4;80;2
39;95;2
57;140;2
1;145;2
15;155;2
17;160;2
21;130;2
40;155;2
49;175;2
34;170;2
82;180;2
31;75;2
23;125;2
55;185;2
29;185;2
48;195;2
7;200;2
45;195;2
65;165;2
88;200;2
35;175;2
63;195;2
52;225;2
20;240;2
78;260;2
9;275;2
43;275;2
79;300;2
10;310;2
33;345;2
69;370;2
38;400;2
