Datum;h
06.01.2019;12345
13.01.2019;12345
20.01.2019;12357
27.01.2019;12358
03.02.2019;12358
10.02.2019;12394
17.02.2019;12426
24.02.2019;12454
03.03.2019;12482
10.03.2019;12503
17.03.2019;12525
24.03.2019;12566
31.03.2019;12599
07.04.2019;12643
14.04.2019;12672
21.04.2019;12716
28.04.2019;12749
05.05.2019;12770
12.05.2019;12802
19.05.2019;12835
26.05.2019;12866
02.06.2019;12896
09.06.2019;12940
16.06.2019;12984
23.06.2019;13021
30.06.2019;13074
07.07.2019;13106
14.07.2019;13129
21.07.2019;13174
28.07.2019;13215
04.08.2019;13242
11.08.2019;13269
18.08.2019;13297
25.08.2019;13312
01.09.2019;13354
08.09.2019;13372
15.09.2019;13412
22.09.2019;13449
29.09.2019;13472
06.10.2019;13484
13.10.2019;13507
20.10.2019;13534
27.10.2019;13564
03.11.2019;13573
10.11.2019;13583
17.11.2019;13587
24.11.2019;13597
01.12.2019;13599
08.12.2019;13614
15.12.2019;13619
22.12.2019;13624
29.12.2019;13630
05.01.2020;13640
12.01.2020;13651
19.01.2020;13666
26.01.2020;13681
02.02.2020;13693
09.02.2020;13712
16.02.2020;13727
23.02.2020;13745
01.03.2020;13761
08.03.2020;13773
15.03.2020;13793
22.03.2020;13828
29.03.2020;13866
05.04.2020;13909
12.04.2020;13963
19.04.2020;14000
26.04.2020;14052
03.05.2020;14077
10.05.2020;14116
17.05.2020;14140
24.05.2020;14179
31.05.2020;14201
07.06.2020;14239
14.06.2020;14269
21.06.2020;14269
28.06.2020;14334
05.07.2020;14372
12.07.2020;14408
19.07.2020;14442
26.07.2020;14476
02.08.2020;14518
09.08.2020;14551
16.08.2020;14592
23.08.2020;14623
30.08.2020;14653
06.09.2020;14681
13.09.2020;14719
20.09.2020;14759
27.09.2020;14777
04.10.2020;14796
11.10.2020;14809
18.10.2020;14814
25.10.2020;14843
01.11.2020;14852
08.11.2020;14868
15.11.2020;14890
22.11.2020;14907
29.11.2020;14921
06.12.2020;14932
13.12.2020;14934
20.12.2020;14941
27.12.2020;14945
03.01.2021;14953
10.01.2021;14957
17.01.2021;14964
24.01.2021;14973
31.01.2021;14977
07.02.2021;14992
14.02.2021;15014
21.02.2021;15038
28.02.2021;15076
07.03.2021;15104
14.03.2021;15125
21.03.2021;15135
28.03.2021;15167
04.04.2021;15207
11.04.2021;15241
18.04.2021;15255
25.04.2021;15298
02.05.2021;15338
09.05.2021;15375
16.05.2021;15405
23.05.2021;15432
30.05.2021;15454
06.06.2021;15507
13.06.2021;15547
20.06.2021;15592
27.06.2021;15637
04.07.2021;15670
11.07.2021;15695
18.07.2021;15725
25.07.2021;15755
01.08.2021;15785
08.08.2021;15814
15.08.2021;15853
22.08.2021;15892
29.08.2021;15906
05.09.2021;15945
12.09.2021;15995
19.09.2021;16021
26.09.2021;16049
03.10.2021;16079
10.10.2021;16096
17.10.2021;16114
24.10.2021;16139
31.10.2021;16168
07.11.2021;16182
14.11.2021;16193
21.11.2021;16205
28.11.2021;16207
05.12.2021;16211
12.12.2021;16214
19.12.2021;16223
26.12.2021;16229
02.01.2022;16235
09.01.2022;16240
16.01.2022;16253
23.01.2022;16257
30.01.2022;16272
06.02.2022;16286
13.02.2022;16309
20.02.2022;16328
27.02.2022;16345
06.03.2022;16382
13.03.2022;16428
20.03.2022;16465
27.03.2022;16518
03.04.2022;16538
10.04.2022;16565
17.04.2022;16612
24.04.2022;16658
01.05.2022;16687
08.05.2022;16722
15.05.2022;16773
22.05.2022;16819
29.05.2022;16841
05.06.2022;16883
12.06.2022;16919
19.06.2022;16958
26.06.2022;16997
03.07.2022;17027
10.07.2022;17050
17.07.2022;17087
24.07.2022;17125
31.07.2022;17162
07.08.2022;17199
14.08.2022;17245
21.08.2022;17275
28.08.2022;17304
04.09.2022;17334
11.09.2022;17354
18.09.2022;17369
25.09.2022;17388
02.10.2022;17408
09.10.2022;17432
16.10.2022;17461
23.10.2022;17484
30.10.2022;17505
06.11.2022;17517
13.11.2022;17545
20.11.2022;17556
27.11.2022;17565
04.12.2022;17566
11.12.2022;17569
18.12.2022;17576
25.12.2022;17580
01.01.2023;17593
